SC_CODE,SC_NAME,SC_GROUP,SC_TYPE,OPEN,HIGH,LOW,CLOSE,LAST,PREVCLOSE,NO_TRADES,NO_OF_SHRS,NET_TURNOV,TDCLOINDI
500002,"ABB INDIA LIMITED",A,STK,5855.85,6071.15,5855.85,6053.95,6053.95,5916.15,7037,37056,221301541,
500003,"AEGIS LOGISTICS LTD.",A,STK,714.4,758.65,693.7,699.75,700,703.2,31923,1074784,776008317,
500008,"Amara Raja Energy & Mobility L",A,STK,857.2,862.9,848,859.15,860,857.3,2961,44266,37902271,
500009,"AMBALAL SARABHAI ENTERPRISES L",X,STK,26.04,26.85,25.95,26.48,26.48,26.1,232,56241,1482907,
500012,"ANDHRA PETROCHEMICALS LTD.",X,STK,41.26,41.61,41,41.09,41.29,41.61,253,34500,1422425,
500013,"ANSAL PROPERTIES & INFRASTRUCT",Z,STK,3.79,3.8,3.79,3.8,3.8,3.73,50,126893,481798,
500014,"UTIQUE ENTERPRISES LIMITED",X,STK,4.68,4.8,4.52,4.64,4.64,4.59,50,5660,26369,
500016,"ARUNA HOTELS LTD.",X,STK,7.71,8.31,7.71,8,8,7.79,54,10744,85609,
500020,"BOMBAY DYEING & MFG.CO.LTD.",A,STK,116,116,113.85,114.8,115.1,116.65,176,14406,1653486,
500023,"ASIAN HOTELS (NORTH) LIMITED",B,STK,296.4,301.7,292.75,293.9,294.1,304,35,1678,500228,
500027,"ATUL LTD.",A,STK,6520,6524.25,6430,6461.35,6430,6527.55,201,20484,133137780,
500028,"ATV PROJECTS INDIA LTD.",X,STK,34,34.27,33.25,33.81,33.95,34.28,84,5481,184367,
500031,"BAJAJ ELECTRICALS LTD.",A,STK,379.9,382,367.9,370.6,370.6,380.2,406,13040,4835141,
500032,"BAJAJ HINDUSTHAN SUGAR LIMITED",A,STK,15.31,15.46,15.1,15.22,15.28,15.46,600,185197,2817669,
500033,"FORCE MOTORS LTD.",A,STK,24460,25250,24301.05,25061.05,25061.05,24454.75,2326,6968,173170252,
500034,"BAJAJ FINANCE LIMITED",A,STK,1027,1028.4,1010.65,1023.8,1024,1031.05,7596,181284,184590747,
500038,"BALRAMPUR CHINI MILLS LTD.",A,STK,464.2,464.2,453,456.7,458,464.1,286,5749,2631192,
500039,"BANCO PRODUCTS (INDIA) LTD.",A,STK,651,661.45,647.55,650.9,653.85,657.15,671,10906,7112573,
500040,"ADITYA BIRLA REAL ESTATE LIMIT",A,STK,1302.75,1302.75,1254.8,1269.75,1266,1304.05,472,5270,6693092,
500041,"BANNARI AMMAN SUGARS LTD.",B,STK,3612.5,3612.5,3612.5,3612.5,3612.5,3612.05,1,1,3612,
500042,"BASF INDIA LTD.",A,STK,3570.6,3573.45,3516,3532.6,3542.8,3574.05,281,1042,3701527,
500043,"BATA INDIA LTD.",A,STK,812.6,812.6,795.45,799.05,800.8,812.5,1314,11587,9285692,
500048,"BEML LTD.",A,STK,1697.9,1707.15,1671.85,1697.5,1697.5,1699.15,597,5859,9893030,
500049,"BHARAT ELECTRONICS LTD.",A,STK,437.25,437.3,430.5,435,435,439.7,9534,405237,175579734,
500052,"BHANSALI ENGINEERING POLYMERS",B,STK,82.22,83.23,81.85,82.26,82.58,82.78,268,23875,1967546,
500058,"BIHAR SPONGE IRON LTD.",XT,STK,13.84,14.14,13.15,13.15,13.15,13.84,195,50701,677542,
500059,"BIL VYAPAR LIMITED",T,STK,6.57,7,6.57,7,7,6.8,3,129,860,
500060,"Birla Cable Limited",B,STK,137.25,139.35,134.85,137.1,137.55,137.8,83,1068,146071,
500067,"BLUE STAR LTD.",A,STK,1946.05,1968.85,1934.95,1959.5,1963,1962.25,1396,9238,18022531,
500068,"DISA INDIA LTD.",B,STK,12350,12569.5,11611.1,12211.45,12360.45,12504,148,273,3314965,
500069,"QUEST CAPITAL MARKETS LIMITED",X,STK,270.05,276.8,263.05,272.35,272.35,270,34,640,173153,
500074,"BPL LTD.",B,STK,54.99,55.78,53.5,54.17,54.17,55.4,202,6388,349952,
500078,"ORIENTAL AROMATICS LIMITED",B,STK,275.85,284.3,273.05,273.05,273.05,276.95,94,5879,1632811,
500083,"CENTURY EXTRUSIONS LTD.",B,STK,20.5,20.67,20.09,20.15,20.15,20.71,71,10802,219439,
500084,"CESC LTD.",A,STK,154.5,156.85,154.25,156.2,156.2,155.75,1605,90099,13995053,
500085,"CHAMBAL FERTILISERS & CHEMICAL",A,STK,452.85,458.6,452.45,457.7,457.7,454.95,1626,27751,12649037,
500086,"EXIDE INDUSTRIES LTD.",A,STK,337.95,338.4,333,335.9,336.45,338.3,1227,39054,13089814,
500087,"CIPLA LTD.",A,STK,1328.85,1338.6,1316.2,1326.3,1326.3,1326.1,1965,27295,36179647,
500089,"DIC INDIA LTD.",B,STK,552.2,552.2,540.75,540.75,540.75,564.5,10,17,9346,
500092,"CRISIL LTD.",A,STK,4560.05,4565,4450,4508.6,4518.9,4603.3,457,2130,9605280,
500093,"CG Power and Industrial Soluti",A,STK,718.6,726.9,713.15,724.5,724.5,720.8,5788,135029,96965890,
500096,"DABUR INDIA LTD.",A,STK,510.25,519.35,510.25,518,517.05,514.1,1414,38454,19830605,
500097,"DALMIA BHARAT SUGAR AND INDUST",B,STK,284.4,284.4,280.2,281.4,280.2,282.3,42,1659,469911,
500101,"ARVIND LTD.",A,STK,365.1,368.6,352,357.55,358.65,374.9,2517,62386,22304814,
500103,"BHARAT HEAVY ELECTRICALS LTD.",A,STK,256.7,262.4,255,261.9,261.9,259.05,6913,490030,126775072,
500104,"HINDUSTAN PETROLEUM CORPORATIO",A,STK,437.75,448.9,436.45,447.35,447.35,438.55,4620,231064,102095991,
500106,"IFCI LTD.",A,STK,59.62,59.63,58.23,58.7,58.7,59.59,2260,571786,33632675,
500108,"MAHANAGAR TELEPHONE NIGAM LTD.",B,STK,30.57,30.58,29.55,29.68,29.64,30.01,409,46425,1386687,
500109,"MANGALORE REFINERY & PETROCHEM",A,STK,192.05,197.55,191.45,196.9,196.9,193.1,5807,858199,167186501,
500110,"CHENNAI PETROLEUM CORPORATION",A,STK,881,919.95,881,916.05,916.05,884.3,5022,117483,106530073,
500112,"STATE BANK OF INDIA",A,STK,1228.05,1234.8,1220,1223.85,1223.85,1227.8,24908,870161,1066096143,
500113,"STEEL AUTHORITY OF INDIA LTD.",A,STK,156.5,160.65,152,160.25,160.25,156.7,10481,3884725,610121226,
500114,"TITAN COMPANY LIMITED",A,STK,4264.85,4299.9,4235.6,4294.2,4282.65,4272.35,1304,10083,43072505,
500116,"IDBI BANK LTD.",A,STK,113.3,115.52,112.25,113.11,113.11,113.4,3261,794224,90375024,
500117,"DCW LTD.",B,STK,51.56,51.57,48.2,48.76,48.98,52.25,474,75339,3730463,
500119,"DHAMPUR SUGAR MILLS LTD.",B,STK,115.5,115.5,111.15,113.6,114.35,115.45,112,4013,451851,
500120,"DIAMINES & CHEMICALS LTD.",B,STK,230,235.3,230,235.3,235.3,236.85,23,375,87806,
500123,"ELANTAS BECK INDIA LTD.",B,STK,9390,9390,8950,9014.55,8980,9180.55,355,818,7436765,
500124,"DR.REDDYS LABORATORIES LTD.",A,STK,1308,1315,1297.15,1299.4,1299,1307,3348,46287,60468155,
500125,"E.I.D.-PARRY (INDIA) LTD.",A,STK,884.25,888.7,860,865.95,865.95,884.2,667,5358,4671076,
500126,"PROCTER & GAMBLE HEALTH LIMITE",A,STK,5040,5174.6,5040,5160.7,5167,5069.9,212,630,3226827,
500128,"ELECTROSTEEL CASTINGS LTD.",A,STK,69.6,69.87,68.76,69.44,69.54,70.01,330,32932,2283896,
500133,"ESAB INDIA LTD.",A,STK,5500,5500,5500,5500,5500,5525.35,2,2,11000,
500135,"EPL LIMITED",A,STK,214,219.1,213.05,215.1,214.85,216.7,275,5988,1286475,
500136,"ESTER INDUSTRIES LTD.",B,STK,98,98.4,95.61,96.38,97.7,98.68,37,2342,225977,
500142,"FGP LTD.",X,STK,9,9.99,8.78,9.85,9.85,9.27,26,2671,24557,
500143,"PH CAPITAL LTD.",XT,STK,610.75,610.75,582,584.4,584.4,581.75,34,1220,712344,
500144,"FINOLEX CABLES LTD.",A,STK,831.2,831.2,800.3,812.35,811.9,824.45,604,9864,8023739,
500147,"JOHN COCKERILL INDIA LIMITED",B,STK,4941,4941,4873.35,4896.5,4924,4905.6,331,2473,12129382,
500148,"UFLEX LTD.",B,STK,460,460,455,458.6,459,460.05,126,694,318443,
500150,"FOSECO INDIA LTD.",B,STK,4700,4708.1,4664.8,4708,4708,4664.6,32,53,248915,
500151,"GOLDEN TOBACCO LTD.",Z,STK,29.99,29.99,29.06,29.06,29.06,28.66,10,614,18296,
500153,"GANESH BENZOPLAST LTD.",B,STK,88.5,88.5,81.05,82.6,83,87.64,195,5763,479029,
500159,"METROGLOBAL LIMITED",X,STK,113.05,113.05,110,112.1,112.1,113.95,18,223,24921,
500160,"GTL LTD.",B,STK,7.43,7.43,7.11,7.11,7.11,7.31,133,22458,162113,
500163,"GODFREY PHILLIPS INDIA LTD.",A,STK,2239.9,2239.9,2122,2148.05,2149.4,2213.15,12926,195325,421250567,
500164,"GODREJ INDUSTRIES LTD.",A,STK,1035.5,1059,1024.25,1047.5,1047.5,1050.05,394,3274,3405262,
500165,"KANSAI NEROLAC PAINTS LTD.",A,STK,198.15,199.6,197,197.65,198.55,199.85,694,31139,6164538,
500166,"GOODRICKE GROUP LTD.",X,STK,157,158,152.6,156.2,156.2,155,42,2953,459251,
500168,"GOODYEAR INDIA LTD.",B,STK,801.2,817,800,812.95,812.95,800.3,349,4194,3391164,
500170,"GTN INDUSTRIES LTD.",X,STK,22.9,23.5,20.11,22.84,22.84,22.9,15,788,17240,
500171,"GHCL LTD.",A,STK,491,492,486,490.8,488.7,494.3,1529,9930,4865410,
500173,"GFL LIMITED",B,STK,47.12,47.55,46.26,46.53,46.35,47.12,50,6217,291138,
500174,"GUJARAT LEASE FINANCING LTD.",B,STK,7.74,7.74,7.22,7.22,7.22,7.59,4,810,5853,
500179,"HCL INFOSYSTEMS LTD.",B,STK,13.22,13.75,12.94,13.06,13.01,12.89,482,65077,864813,
500180,"HDFC BANK LTD.",A,STK,923.9,926.95,909.45,910.7,910.7,923.85,25357,1022055,937683619,
500182,"HERO MOTOCORP LTD.",A,STK,5498.45,5520.5,5436.05,5509.95,5509.95,5490.2,2463,9590,52701644,
500183,"HFCL LIMITED",A,STK,69.59,70.1,67.88,69.52,69.52,69.65,2116,607142,41856883,
500184,"Himadri Speciality Chemical Lt",A,STK,490,495.9,485.05,488.75,488.75,490.15,1648,81365,39899097,
500185,"HINDUSTAN CONSTRUCTION CO.LTD.",A,STK,18.5,18.53,17.96,18.18,18.18,18.52,1212,743356,13574237,
500186,"HINDUSTAN OIL EXPLORATION CO.L",B,STK,130.15,134.45,129.85,132.6,132.6,131.4,293,23190,3057690,
500187,"AGI GREENPAC LIMITED",A,STK,568.6,568.6,546.75,550,550.35,568.5,318,4615,2551477,
500188,"HINDUSTAN ZINC LTD.",A,STK,594,600.9,588.5,598.35,598.35,590.95,8396,457767,272184977,
500189,"NDL Ventures Limited",B,STK,114.11,118,112.55,114.69,112.73,114.11,167,3127,355982,
500191,"HMT LTD.",Z,STK,52.89,52.89,52.89,52.89,52.89,50.38,41,8192,433274,
500192,"PRAG BOSIMI SYNTHETICS LTD.",X,STK,1.85,1.85,1.79,1.84,1.84,1.85,17,4341,7789,
500193,"HLV LIMITED",B,STK,8.64,8.64,8.05,8.22,8.2,8.34,92,25348,210558,
500199,"I G PETROCHEMICALS LTD.",B,STK,361,371,356.8,368.9,371,373.8,100,884,322440,
500201,"INDIA GLYCOLS LTD.",B,STK,935,936.95,921.5,927.95,930.5,939.95,144,1585,1470135,
500202,"INDIA LEASE DEVELOPMENT LTD.",X,STK,8.4,8.8,8.1,8.1,8.1,8.4,6,253,2154,
500206,"MARGO FINANCE LIMITED",X,STK,63,63,58.1,60.01,60.5,63.4,18,196,11641,
500207,"INDO RAMA SYNTHETICS (INDIA) L",B,STK,37.19,37.19,35.8,36,36.5,36.31,66,4820,174548,
500209,"INFOSYS LTD.",A,STK,1304.95,1304.95,1265,1276.55,1276.55,1328.45,71700,1622178,2074048983,
500210,"INGERSOLL-RAND (INDIA) LTD.",A,STK,3940.05,4054.85,3929.25,3951.8,3946.6,3976.65,216,1420,5647120,
500213,"INTERNATIONAL TRAVEL HOUSE LTD",X,STK,330,350,326,346.15,350,330.85,154,5501,1891452,
500214,"ION EXCHANGE (INDIA) LTD.",A,STK,378.15,385.1,374.7,375.35,375.1,384.55,307,8275,3153062,
500215,"SUNDROP BRANDS LIMITED",B,STK,656,658,652.5,654.35,653,652.5,65,110,72031,
500219,"JAIN IRRIGATION SYSTEMS LTD.",A,STK,35.17,35.52,34.42,34.8,35,35.17,414,111321,3870314,
500220,"JASCH INDUSTRIES LTD.",X,STK,165.4,166,158.2,165.95,159.5,165.4,51,8382,1371094,
500227,"JINDAL POLY FILMS LTD.",B,STK,522.05,555,522.05,552,552,532.7,754,13685,7381966,
500228,"JSW STEEL LTD.",A,STK,1234.6,1256.35,1231.75,1254.45,1254.45,1240.4,1554,19157,23924710,
500233,"KAJARIA CERAMICS LTD.",A,STK,989.1,992.15,945.3,949.85,950,995.05,983,6493,6264902,
500234,"KAKATIYA CEMENT SUGAR & INDUST",B,STK,113.4,113.4,113.4,113.4,113.4,118.15,1,1,113,
500235,"KALYANI STEELS LTD.",B,STK,733.5,736.9,723.1,726.8,724.8,738.9,90,1040,760680,
500238,"WHIRLPOOL OF INDIA LTD.",A,STK,912.05,923.2,898.4,901.6,904,924.9,832,10777,9828818,
500239,"KG DENIM LTD.",X,STK,17.39,17.39,15.31,16.15,16.53,17.04,42,1721,28065,
500240,"KINETIC ENGINEERING LTD.",X,STK,256.95,257,245,250.2,250.2,256.95,281,25763,6390936,
500241,"KIRLOSKAR BROTHERS LTD.",A,STK,1607.1,1619.05,1560.2,1569.3,1569.3,1614,323,1899,3014900,
500243,"KIRLOSKAR INDUSTRIES LTD",B,STK,2961.2,2962.45,2820,2842.15,2842.15,2959.1,183,625,1840701,
500245,"KIRLOSKAR FERROUS INDUSTRIES L",B,STK,408.35,410,394,406.35,406.5,408.35,1360,87105,35112294,
500246,"ENVAIR ELECTRODYNE LTD.",X,STK,57.25,62.9,53.25,62.9,62.9,57.25,4,502,27148,
500247,"KOTAK MAHINDRA BANK LTD.",A,STK,431.35,432.5,425.8,427.6,428.5,430.7,8159,372283,160072017,
500248,"KRISHNA FILAMENT INDUSTRIES LI",XT,STK,6.4,6.4,6.3,6.3,6.3,6.45,3,250,1590,
500249,"KSB LIMITED",A,STK,724.25,733.25,706.5,711.3,710.55,726.85,1100,6751,4867357,
500250,"L.G.BALAKRISHNAN & BROS.LTD.",B,STK,1873.5,1935,1863.6,1929.45,1933.45,1905.9,215,1538,2935005,
500251,"TRENT LTD.",A,STK,4077.85,4077.85,3905,3934.65,3934.65,4053.4,3618,34331,136535047,
500252,"LMW Limited",A,STK,15979.95,16690,15450,15490.2,15560.05,15688.2,127,554,8827590,
500253,"LIC HOUSING FINANCE LTD.",A,STK,524.5,532.95,522.15,531.95,532.85,524.5,1850,386767,202913218,
500257,"LUPIN LTD.",A,STK,2256.3,2259.85,2235.1,2251.1,2248.9,2245.1,1979,19895,44694922,
500259,"LYKA LABS LTD.",B,STK,62.39,62.71,60.56,61.13,61.13,62.6,61,3799,234740,
500260,"THE RAMCO CEMENTS LIMITED",A,STK,1169.95,1169.95,1128.05,1146.95,1143.25,1143,247,1556,1767386,
500262,"HYBRID FINANCIAL SERVICES LIMI",B,STK,20.5,21.12,19.91,20.05,20.05,20.08,31,1403,28339,
500264,"MAFATLAL INDUSTRIES LTD.",X,STK,131.3,132.1,128,128.5,128.5,131.3,513,30629,3955112,
500265,"MAHARASHTRA SEAMLESS LTD.",A,STK,522.05,535.5,522.05,534.15,532,527.3,166,4282,2268727,
500266,"MAHARASHTRA SCOOTERS LTD.",A,STK,13333,13418,13151.35,13231.15,13312.05,13458.85,116,193,2571498,
500267,"MAJESTIC AUTO LTD.",X,STK,315,324,314.75,321.2,322,317.8,188,2673,854058,
500268,"MANALI PETROCHEMICAL LTD.",B,STK,55.11,55.11,54,54.65,54.89,55.14,125,7297,398059,
500270,"BARODA RAYON CORPORATION LTD.",X,STK,114,114,110,110.45,110.95,110.2,27,239,26350,
500271,"Max Financial Services Limited",A,STK,1869.75,1869.75,1838.6,1841.45,1838.6,1869.7,2603,27736,51240219,
500277,"MID INDIA INDUSTRIES LTD.",X,STK,6.93,6.93,6.89,6.91,6.91,6.9,10,2172,14968,
500279,"MIRC ELECTRONICS LTD.",B,STK,29.2,29.42,27.87,28.17,28.06,29.2,366,49307,1393363,
500280,"CENTURY ENKA LTD.",B,STK,450.95,450.95,430.2,431.1,431.1,435,63,266,115757,
500282,"MODERN THREADS (INDIA) LTD.",B,STK,41.45,43.31,41.45,42.99,42.99,42.73,15,6014,255241,
500284,"LORDS CHLORO ALKALI LTD.",B,STK,119.25,121,115.25,120.35,120.65,120.95,107,3396,401035,
500285,"SPICEJET LTD.",A,STK,15.85,15.89,14.11,14.31,14.31,15.85,33986,27071103,400808719,
500288,"MOREPEN LABORATORIES LTD.",A,STK,45.45,48.85,45.35,46.42,46.42,45.37,16365,4932814,233547071,
500290,"MRF LTD.",A,STK,146699.95,146699.95,142597.75,143846.05,144209.85,145832.1,283,326,46863626,
500292,"HEIDELBERGCEMENT INDIA LTD.",B,STK,163.55,167.9,162,167.75,167.9,164.05,180,6869,1127910,
500294,"NCC LIMITED",A,STK,149.2,150,147.75,149,149.25,149.8,528,53166,7918655,
500295,"VEDANTA LIMITED",A,STK,675.5,698.8,675.5,695.4,695.4,681.4,14754,803762,552919222,
500296,"NAHAR SPINNING MILLS LTD.",B,STK,206.55,206.55,200.75,200.9,201.1,207.95,14,489,99218,
500298,"Naperol Investments Limited",X,STK,642.6,642.6,625,629,629,641.05,69,981,618548,
500300,"GRASIM INDUSTRIES LTD.",A,STK,2879,2887.8,2845,2877.65,2869.5,2871.75,6787,112577,321132574,
500304,"NIIT LTD.",B,STK,73.6,73.6,71.3,71.55,71.7,73.61,231,16651,1201466,
500306,"Jaykay Enterprises Limited",B,STK,151.2,154.7,150.2,150.7,150.4,151.85,230,14948,2277218,
500307,"NIRLON LTD.",B,STK,515,518,513.05,515.75,514.5,515.2,451,20350,10480147,
500312,"OIL AND NATURAL GAS CORPORATIO",A,STK,275.6,278.05,273.3,276.65,276.65,275.6,7047,1306392,360336028,
500313,"OIL COUNTRY TUBULAR LTD.",B,STK,48.5,49.07,47.05,47.05,47.05,48.5,43,667,31949,
500314,"ORIENTAL HOTELS LTD.",B,STK,98.95,101.5,98.4,100.05,101.45,99.75,165,10444,1043444,
500317,"OSWAL AGRO MILLS LTD.",B,STK,46.01,48.37,45,47.31,48.03,48,89,10465,491960,
500319,"INDIAN SUCROSE LTD.",X,STK,74.04,74.04,70,71.34,71,74.04,135,5449,387216,
500322,"PANYAM CEMENTS & MINERAL INDUS",X,STK,127.1,127.1,122.9,123.05,123.05,135.15,12,179,22172,
500325,"RELIANCE INDUSTRIES LTD.",A,STK,1426.95,1433.45,1415,1430.15,1430.15,1427.9,9985,218568,310997496,
500327,"Pil Italica Lifestyle Limited",B,STK,9.44,9.44,8.28,8.6,8.6,8.52,14,428,3644,
500330,"RAYMOND LTD.",A,STK,396.05,403,394,400.85,402.8,402.7,582,18916,7558445,
500331,"PIDILITE INDUSTRIES LTD.",A,STK,1477.9,1486.75,1471,1480.95,1480.95,1481.25,1386,15954,23613571,
500333,"PIX TRANSMISSIONS LTD.",B,STK,1476,1500.05,1450.7,1488.65,1488.2,1488.2,120,600,882178,
500335,"BIRLA CORPORATION LTD.",A,STK,1002.4,1025.9,990.45,1000.25,1002,1026.8,276,1537,1542731,
500336,"SURYA ROSHNI LTD.",A,STK,223.9,226,221.7,222.65,222.5,224.1,304,11851,2653904,
500337,"PRIME SECURITIES LTD.",B,STK,275.2,275.6,267.25,272.1,272.1,273,29,156,42478,
500338,"PRISM JOHNSON LIMITED.",B,STK,125.7,125.9,124.95,125.4,125.15,125.65,226,10921,1366627,
500339,"RAIN INDUSTRIES LIMITED",A,STK,147.5,148,144.9,147.1,148,147.65,564,64533,9474371,
500342,"PRUDENTIAL SUGAR CORPORATION L",B,STK,16.41,16.98,15.7,16.49,16.98,16.88,67,3679,61012,
500343,"AMJ LAND HOLDINGS LIMITED",B,STK,37.55,41.2,37.55,40.35,40.35,40.6,21,281,11300,
500346,"PUNJAB COMMUNICATIONS LTD.",B,STK,57,58.72,54.02,57.7,57.7,57.75,25,412,22437,
500350,"RSWM LTD.",B,STK,148.95,151.7,148.2,148.65,150.5,152.5,50,1620,242114,
500354,"RAJSHREE SUGARS & CHEMICALS LT",B,STK,26.57,26.98,25.87,26.02,26,26.75,13,75,1975,
500355,"RALLIS INDIA LTD.",A,STK,270.05,278.7,268.8,270.85,270.85,280.55,494,12385,3378954,
500356,"SHREE RAMA NEWSPRINT LTD.",B,STK,31,34.9,31,34.53,34.53,31.8,658,70120,2352198,
500357,"RAMA PAPER MILLS LTD.",Z,STK,13.11,13.11,11.87,11.87,11.87,12.49,15,1862,22581,
500360,"RAPICUT CARBIDES LTD.",XT,STK,156.55,159.55,154,156.7,157.5,152.05,104,21530,3329424,
500365,"WELSPUN SPECIALTY SOLUTIONS LI",B,STK,36.5,37.97,36.5,36.71,36.71,37.18,328,58196,2139254,
500367,"RUBFILA INTERNATIONAL LTD.",B,STK,67.93,69.5,64,65.63,65.63,67.93,82,4609,305696,
500368,"Patanjali Foods Limited",A,STK,533.6,533.6,519.45,523.6,523.6,532.75,969,68681,36251167,
500370,"SALORA INTERNATIONAL LTD.",X,STK,32.75,32.99,30.5,32.99,32.99,33.16,51,5151,162180,
500371,"SAMTEL INDIA LTD.",XT,STK,13.53,13.53,13.53,13.53,13.53,13.27,2,200,2706,
500378,"JINDAL SAW LTD.",A,STK,176.6,178.7,173.9,175.75,175.75,179.3,1049,69594,12257167,
500380,"JK LAKSHMI CEMENT LTD.",A,STK,720,724.7,716,720.15,723.9,726.7,386,2075,1492478,
500387,"SHREE CEMENT LTD.",A,STK,26304.35,26775.35,26304.35,26509.5,26546.55,26555.1,349,576,15262343,
500388,"SHREE KRISHNA PAPER MILLS & IN",XT,STK,117.8,120,111.92,111.92,111.92,117.8,8,579,69425,
500389,"SILVERLINE TECHNOLOGIES LTD.",XT,STK,21.6,21.6,21.59,21.6,21.6,20.58,11376,10229609,220949894,
500390,"RELIANCE INFRASTRUCTURE LTD.",T,STK,95.2,98.3,94.2,94.9,94.9,98.65,1078,86550,8284627,
500400,"TATA POWER CO.LTD.",A,STK,377.7,380.4,372.5,379.75,379.75,378.95,3867,193497,72736245,
500402,"SPML INFRA LIMITED",B,STK,173.2,174,170,173.3,170.95,173.6,237,11288,1939213,
500403,"SUNDRAM FASTENERS LTD.",A,STK,922.55,927.8,916.05,921.7,927.8,926.45,102,388,356850,
500404,"SUNFLAG IRON & STEEL CO.LTD.",B,STK,241.3,242.95,236.95,238.35,238.45,241.45,61,1889,453328,
500405,"SUPREME PETROCHEM LTD.",A,STK,645.8,661.25,643,651.7,651.35,647.1,911,8000,5248724,
500407,"SWARAJ ENGINES LTD.",B,STK,3549,3549,3500,3536.85,3544.8,3555.5,48,233,820421,
500408,"TATA ELXSI LTD.",A,STK,4690,4698,4455.6,4497.95,4515,4711.7,5563,25392,115238670,
500410,"ACC LTD.",A,STK,1620,1625.5,1605.6,1619.05,1610,1619.55,1053,7123,11501582,
500411,"THERMAX LTD.",A,STK,3120.05,3155.95,3108.85,3145.25,3155.9,3155.95,931,5852,18325873,
500412,"THIRUMALAI CHEMICALS LTD.",B,STK,198.2,198.55,190.8,192.7,193.05,197.45,282,7536,1458674,
500413,"THOMAS COOK (INDIA) LTD.",A,STK,108.95,109.4,106.05,107.3,107.7,109.35,537,31626,3397574,
500414,"TIMEX GROUP INDIA LTD.",B,STK,295.95,295.95,285.2,289.2,289.2,292.35,1608,162465,47172892,
500418,"TOKYO PLAST INTERNATIONAL LTD.",B,STK,92.05,95.8,85.25,93.15,95.8,98,33,65,5808,
500420,"TORRENT PHARMACEUTICALS LTD.",A,STK,4300.9,4422.95,4277.85,4398.7,4398.7,4311.65,2061,19640,85943265,
500421,"TPI INDIA LTD.",X,STK,18.99,18.99,18.2,18.2,18.2,18.58,20,8878,161921,
500422,"TRANSCHEM LTD.",XT,STK,172,177.6,164,174.05,175,172,130,14361,2450353,
500425,"AMBUJA CEMENTS LTD.",A,STK,512.1,517.05,507,514.25,516.25,515.45,2538,56013,28676240,
500426,"UTL INDUSTRIES LIMITED",X,STK,1.79,1.79,1.73,1.75,1.73,1.73,103,59025,102694,
500429,"UNIPHOS ENTERPRISES LTD.",B,STK,104.5,119.85,104.5,107.75,107.75,111,26,2488,269256,
500439,"VARDHMAN HOLDINGS LTD.",B,STK,3289,3289,3281.35,3286.45,3281.35,3321.6,6,15,49296,
500440,"HINDALCO INDUSTRIES LTD.",A,STK,923.8,926.95,909.8,922.85,922.85,916.1,5929,139097,127708677,
500444,"West Coast Paper Mills Limited",B,STK,415.15,421.75,410.35,414.55,416.45,417,50,608,254266,
500449,"HINDUSTAN ORGANIC CHEMICALS LT",B,STK,29.25,31.95,28.82,31.53,31.53,29.19,694,114467,3551257,
500450,"MPIL CORPORATION LTD.",X,STK,358.3,358.3,358.3,358.3,358.3,341.25,1,2,716,
500456,"PASUPATI ACRYLON LTD.",B,STK,51.3,51.57,50.2,50.99,50.93,51.82,76,7200,365884,
500458,"TEAM24 CONSUMER PRODUCTS LIMIT",X,STK,28.8,32.09,28.7,30.78,30.78,29.91,45,4783,145824,
500459,"PROCTER & GAMBLE HYGIENE & HEA",A,STK,11460.95,11518.8,11451,11481.55,11500,11503.55,144,266,3051490,
500460,"MUKAND LTD.",B,STK,127.65,127.65,125.9,127.2,127.2,127.7,63,989,125320,
500463,"BLACK BOX LIMITED",A,STK,527.35,527.35,507,519.75,520.25,518.1,665,13272,6853520,
500464,"UCAL LIMITED",B,STK,109.5,109.5,106.55,107.5,107.6,108.45,9,262,28217,
500467,"HARRISONS MALAYALAM LTD.",B,STK,176.9,194.2,176.9,189.9,189.9,179.65,118,1556,296834,
500469,"FEDERAL BANK LTD.",A,STK,296.2,300,295,295.6,295.6,296.2,6417,247413,73536904,
500470,"TATA STEEL LTD.",A,STK,207.5,209.5,206.8,209.15,209.15,208.05,11987,1011332,210621107,
500472,"SKF INDIA LTD.",A,STK,1797.25,1911.65,1753,1895.95,1895.95,1797.25,2226,11018,20549718,
500477,"ASHOK LEYLAND LTD.",A,STK,209.3,211,208.55,210.1,210.1,210.7,6651,469327,98492786,
500480,"CUMMINS INDIA LTD.",A,STK,4879.85,4940.15,4829.8,4914.45,4922.1,4883.45,6857,31755,155855313,
500483,"TATA COMMUNICATIONS LTD.",A,STK,1653.05,1679.95,1591.05,1619.1,1628.3,1680.15,827,5950,9683498,
500488,"ABBOTT INDIA LTD.",A,STK,26599.55,26599.55,26213.4,26342.9,26350,26478.15,237,426,11217182,
500490,"BAJAJ HOLDINGS & INVESTMENT LT",A,STK,11427.15,11564.4,11266.15,11342.35,11347.3,11503.2,816,3236,36871014,
500493,"BHARAT FORGE LTD.",A,STK,1839.9,1864.9,1817.05,1858.55,1858.55,1832.2,8407,81561,150011755,
500495,"Escorts Kubota Limited",A,STK,3557.75,3581,3481,3565.9,3565.5,3483.05,641,3741,13232203,
500500,"HINDUSTAN MOTORS LTD.",B,STK,16.25,16.52,16.1,16.31,16.31,16.52,1118,162220,2645633,
500510,"LARSEN & TOUBRO LTD.",A,STK,4419.9,4440,4228.7,4258.5,4258.5,4417.15,13808,1976107,8690345059,
500520,"MAHINDRA & MAHINDRA LTD.",A,STK,3428.75,3442.15,3392.4,3429.9,3429.3,3445,6575,41034,140174918,
500530,"BOSCH LTD.",A,STK,35316.7,35480.45,34881.8,35381.65,35250,35351.45,180,372,13038207,
500540,"PREMIER LTD.",T,STK,2.89,2.9,2.82,2.82,2.82,2.95,10,1263,3573,
500547,"BHARAT PETROLEUM CORPORATION L",A,STK,369.45,375.8,369.05,374.85,374.85,372.55,6385,331964,123772350,
500550,"SIEMENS LTD.",A,STK,3300,3393.9,3276.95,3364,3364,3303.25,4713,34713,115517228,
500570,"TATA MOTORS PASSENGER VEHICLES",A,STK,377.85,380.25,371.95,377.25,377.25,379.85,5451,269792,101786628,
500575,"VOLTAS LTD.",A,STK,1536.4,1555,1530.9,1537.9,1537.9,1539.05,2506,23391,36081230,
500620,"GREAT EASTERN SHIPPING CO.LTD.",A,STK,1299.45,1326.85,1294.55,1322.85,1322.85,1299.45,1337,24057,31500956,
500645,"DEEPAK FERTILISERS & PETROCHEM",A,STK,998.9,998.9,976,994,994,998.8,581,7422,7332792,
500650,"EXCEL INDUSTRIES LTD.",B,STK,958.4,975.65,945.3,953.6,966.7,950.7,77,362,347401,
500655,"GARWARE HI-TECH FILMS LIMITED",A,STK,3970.95,3999,3872.1,3961.1,3996.7,4041.25,521,3361,13175192,
500660,"GLAXOSMITHKLINE PHARMACEUTICAL",A,STK,2693.65,2693.65,2591.6,2619.4,2619.4,2637.35,381,1307,3415762,
500670,"GUJARAT NARMADA VALLEY FERTILI",A,STK,462.6,462.6,454.7,458.1,457.5,462.9,236,5348,2441533,
500672,"NOVARTIS INDIA LTD.",B,STK,984,994.7,935,945.75,945.75,1004.8,1607,42041,40039628,
500674,"SANOFI INDIA LTD",A,STK,4081,4120,4066.15,4077.6,4075.8,4098.35,200,680,2781227,
500680,"PFIZER LTD.",A,STK,5070.8,5120,5028.8,5086.55,5095,5070.75,178,735,3734824,
500690,"GUJARAT STATE FERTILIZERS & CH",A,STK,171.85,172.1,169.9,171.1,171,172.6,607,19735,3369130,
500696,"HINDUSTAN UNILEVER LTD.",A,STK,2344.05,2371.05,2332.2,2359.3,2359.3,2344.85,4702,40653,95785701,
500710,"AKZO NOBEL INDIA LIMITED",A,STK,3090.5,3120.55,3083.1,3115.7,3116.75,3090.5,417,3007,9328339,
500730,"NOCIL LTD.",B,STK,149.9,150.15,146.8,147.75,148.45,149.9,148,5266,780755,
500770,"TATA CHEMICALS LTD.",A,STK,713.95,714.9,698.7,709.5,709.5,714.1,1124,22537,15943345,
500777,"TAMILNADU PETROPRODUCTS LTD.",B,STK,91.74,91.75,90,90.86,91.27,91.92,169,8557,778226,
500780,"Zuari Industries Limited",B,STK,252.65,253.7,248.6,252.8,253.7,251.7,126,2627,660705,
500790,"NESTLE INDIA LTD.",A,STK,1306.8,1323.45,1306.8,1320.15,1320.15,1315.5,3417,31829,41906906,
500800,"TATA CONSUMER PRODUCTS LIMITED",A,STK,1166.6,1182.85,1164.6,1178.8,1179.3,1171.7,809,10427,12229614,
500820,"ASIAN PAINTS LTD.",A,STK,2428.05,2441.1,2404.8,2413.25,2413.65,2428.75,4121,14530,35150445,
500825,"BRITANNIA INDUSTRIES LTD.",A,STK,6085,6172.4,6074.15,6164,6170,6122.5,1036,3489,21410809,
500830,"COLGATE-PALMOLIVE (INDIA) LTD.",A,STK,2196.05,2240,2182.85,2235.95,2231.8,2194.7,1469,12331,27374968,
500840,"EIH LTD.",A,STK,318,323,316.8,320.15,319.5,323.75,575,10874,3478649,
500850,"INDIAN HOTELS CO.LTD.",A,STK,668.25,679,668.25,676.85,679,674.6,1277,140784,94459809,
500870,"CASTROL INDIA LTD.",A,STK,187.05,187.25,186.1,186.95,187.2,187.25,739,43641,8151413,
500875,"ITC LTD.",A,STK,324,325.35,322.1,323.55,323.55,325.35,9640,292077,94479921,
500877,"APOLLO TYRES LTD.",A,STK,447.9,459,447.9,454.35,454.5,453.6,1710,65867,29965891,
500878,"CEAT LTD.",A,STK,3768.5,3783.9,3683.05,3726.1,3754,3768.45,620,2314,8597133,
500890,"MODI RUBBER LTD.",B,STK,120.95,124.1,118.45,120.15,120.15,119.15,121,5199,634729,
500940,"FINOLEX INDUSTRIES LTD.",A,STK,185.05,186.25,181.7,182.5,182.5,186.9,828,36004,6579603,
501148,"DALAL STREET INVESTMENTS LTD.",XT,STK,390.3,390.3,390.3,390.3,390.3,382.65,5,20,7806,
501150,"CENTRUM CAPITAL LTD.",B,STK,24.8,24.8,23.82,24.11,23.95,24.8,31,2345,56595,
501242,"TCI FINANCE LTD.",T,STK,15.35,15.35,14.72,14.95,14.95,15.49,37,15656,232004,
501295,"INDUSTRIAL INVESTMENT TRUST LT",B,STK,129.95,131.35,129.2,131.35,131.35,129.95,3,3,390,
501298,"INDUSTRIAL & PRUDENTIAL INVEST",B,STK,5175,5180.7,4311,4916.55,4970,5137.7,54,294,1440438,
501301,"TATA INVESTMENT CORPORATION LT",A,STK,685.25,685.25,663.55,666.8,666.8,686.95,2675,77172,51599684,
501311,"JAYABHARAT CREDIT LTD.",X,STK,15.82,16.58,15.04,15.04,15.04,15.82,6,227,3571,
501314,"PRISMX GLOBAL VENTURES LIMITED",X,STK,0.65,0.66,0.61,0.64,0.64,0.65,185,257824,162371,
501343,"MOTOR & GENERAL FINANCE LTD.",B,STK,22.3,22.3,20.9,20.93,20.93,21.83,57,10247,215451,
501351,"RAPID INVESTMENTS LTD.",X,STK,72.01,72.01,67.8,67.8,67.8,70.6,5,6,418,
501370,"WALCHAND PEOPLEFIRST LTD.",X,STK,116,118.95,115.6,115.95,115.6,115.85,21,381,44677,
501391,"W.H.BRADY & CO.LTD.",X,STK,521.5,547,521.05,547,547,534.8,8,26,13975,
501421,"TechNVision Ventures Limited",X,STK,6350,6666,6350,6400,6400,6522.95,69,309,1965002,
501423,"SHAILY ENGINEERING PLASTICS LT",A,STK,2005.5,2006,1917.1,1946.45,1951.9,2005.45,812,33888,66267927,
501425,"The Bombay Burmah Trading Corp",A,STK,1768.05,1771,1749,1764.85,1760.2,1778.85,226,1218,2144062,
501430,"BOMBAY CYCLE & MOTOR AGENCY LT",X,STK,1750,1750,1750,1750,1750,1747,1,1,1750,
501455,"GREAVES COTTON LTD.",A,STK,159.35,159.35,153.1,154.8,155,160.35,677,32833,5118539,
501477,"MULLER & PHIPPS (INDIA) LTD.",X,STK,213.8,225,213.8,225,225,225,2,3,652,
501622,"AMALGAMATED ELECTRICITY CO.LTD",X,STK,55.92,55.92,55.92,55.92,55.92,55.91,3,100,5592,
501700,"INDIANIVESH LTD.",X,STK,9,9,8.4,8.86,8.86,8.79,33,12531,108237,
501831,"COASTAL CORPORATION LTD.",T,STK,47.8,47.8,46.45,46.45,46.45,48.84,24,4005,186999,
501833,"CHOWGULE STEAMSHIPS LTD.",X,STK,18.75,20.4,18.66,19.75,19.75,19.05,52,8253,158782,
501848,"GLOBAL OFFSHORE SERVICES LTD.",X,STK,57.75,57.75,54.5,56.48,57.08,56.01,61,101046,5664713,
501945,"DHENU BUILDCON INFRA LTD.",Z,STK,6.75,6.75,6.75,6.75,6.75,6.88,6,181,1221,
502015,"ASI INDUSTRIES LIMITED",X,STK,27.49,27.7,26.76,27.23,27.4,26.92,89,17642,482594,
502090,"SAGAR CEMENTS LTD.",B,STK,197.05,198.2,192,195.15,195.15,196.9,67,1598,310104,
502137,"DECCAN CEMENTS LTD.",B,STK,695.2,722.7,695.2,712.95,715,686.9,35,160,113561,
502157,"MANGALAM CEMENT LTD.",B,STK,874,898,862.6,884,890.1,878.25,301,4363,3837292,
502168,"NCL INDUSTRIES LTD.",B,STK,190.95,190.95,181.55,182.25,181.85,187,65,1239,226844,
502175,"SAURASHTRA CEMENT LTD.",B,STK,66,66.17,65.4,65.49,65.4,66.64,229,1799,118264,
502180,"SHREE DIGVIJAY CEMENT CO.LTD.",B,STK,73.7,73.7,70.34,71.56,71.56,72.56,121,13804,986359,
502219,"BOROSIL RENEWABLES LIMITED",A,STK,472.6,472.6,455.7,465.25,465.25,472.55,620,13018,6023350,
502250,"LERTHAI FINANCE LIMITED",XT,STK,640.45,640.45,579.5,579.5,579.5,610,7,155,89913,
502281,"TRIVENI GLASS LTD.",X,STK,7.76,8.15,7.76,7.95,7.93,7.92,59,3174,24879,
502294,"NILACHAL REFRACTORIES LTD.",X,STK,35.73,37,34.11,35.23,34.2,35.9,11,275,9761,
502330,"ANDHRA PAPER LIMITED",B,STK,68,68.11,67.05,68.01,68,68.18,26,1194,80300,
502355,"BALKRISHNA INDUSTRIES LTD.",A,STK,2509,2563,2476,2516.6,2499.6,2509,909,5022,12554631,
502420,"ORIENT PAPER & INDUSTRIES LTD.",B,STK,18.74,19,18.38,18.61,18.61,18.74,103,115602,2150321,
502445,"CITADEL REALTY AND DEVELOPERS",X,STK,41.99,41.99,37.61,38,38,39.84,16,184,7008,
502448,"ROLLATAINERS LTD.",T,STK,1.17,1.23,1.16,1.23,1.23,1.18,22,39728,48755,
502450,"SESHASAYEE PAPER & BOARDS LTD.",B,STK,279.7,279.7,270.55,271.75,270.55,276.4,52,660,180822,
502587,"NATH INDUSTRIES LIMITED",X,STK,55.6,57.48,55.6,56.17,56.3,55.59,15,609,34171,
502589,"VAPI ENTERPRISE LIMITED",X,STK,95.55,95.55,95.55,95.55,95.55,91,7,99,9459,
502820,"DCM LTD.",B,STK,81.01,81.5,81.01,81.01,81.01,81.14,5,46,3743,
502865,"FORBES & COMPANY LTD.",X,STK,333.9,341.95,330,331.9,331.9,339.7,113,2566,858143,
502873,"H.P.COTTON TEXTILE MILLS LTD.",X,STK,107,113,106.3,107.2,107.1,113,30,790,85268,
502893,"UNITED INTERACTIVE LTD.",X,STK,71.5,71.5,71.5,71.5,71.5,68.15,2,2,143,
502901,"JAMSHRI REALTY LIMITED",X,STK,77.42,81.1,77.42,77.51,77.42,77.55,30,614,47733,
502937,"KESORAM INDUSTRIES LTD.",T,STK,9.03,9.19,8.75,8.93,9,9.03,181,55146,489398,
502958,"LAKSHMI MILLS COMPANY LTD.",X,STK,7500,7648.65,7500,7522.4,7600,7381,20,109,818378,
502986,"VARDHMAN TEXTILES LTD.",A,STK,528,541.85,502.3,539.5,539.5,536.6,3029,122505,64256337,
503031,"PENINSULA LAND LTD.",B,STK,18.4,18.4,17.75,18.04,18.06,18.34,219,22395,402430,
503092,"PASUPATI SPG.& WVG.MILLS LTD.",X,STK,32.74,32.74,30.5,30.89,30.92,31,7,46,1428,
503100,"THE PHOENIX MILLS LTD",A,STK,1716.3,1717.65,1666.7,1693.7,1692.6,1716.3,1474,90557,154313665,
503101,"MARATHON NEXTGEN REALTY LTD.",B,STK,428.95,428.95,400.05,404,405.95,422.2,321,29490,12236239,
503127,"RAJA BAHADUR INTERNATIONAL LTD",X,STK,4253.7,4487,4175.05,4487,4487,4275.05,3,4,17090,
503162,"RELIANCE CHEMOTEX INDUSTRIES L",B,STK,124.7,124.7,122.75,122.75,122.75,122.75,15,52,6396,
503169,"RUBY MILLS LTD.",B,STK,193.95,194,190.15,190.15,190.15,195,10,506,96238,
503229,"SIMPLEX REALTY LTD.",X,STK,126.8,139.45,126.75,133.1,139.45,133.4,17,123,15608,
503310,"Swan Corp Limited",A,STK,380.35,394.65,372.35,386.7,386.7,379.6,3163,194894,74906550,
503349,"VICTORIA MILLS LTD.",X,STK,6590,6590,6590,6590,6590,6462.35,1,1,6590,
503624,"SVARAJ TRADING & AGENCIES LTD.",X,STK,7.94,7.94,7.08,7.5,7.5,7.41,38,5509,40782,
503635,"SHREE SALASAR INVESTMENT LTD.",XT,STK,270.25,270.25,270.25,270.25,270.25,257.4,1,10,2702,
503641,"ZODIAC VENTURES LIMITED",X,STK,1.62,1.62,1.54,1.57,1.57,1.6,233,172637,271343,
503657,"VEER ENERGY & INFRASTRUCTURE L",X,STK,12.9,12.9,12.1,12.34,12.25,12.47,69,8826,108814,
503663,"Tilak Ventures Limited",X,STK,0.94,0.95,0.92,0.94,0.94,0.95,651,1568159,1464745,
503675,"WAGEND INFRA VENTURE LIMITED",X,STK,1.12,1.12,1.12,1.12,1.12,1.11,24,40359,45202,
503681,"ELCID INVESTMENTS LTD.",B,STK,109350.1,110499.75,109000,109580,109580,109725,42,52,5678765,
503685,"MEDIAONE GLOBAL ENTERTAINMENT",Z,STK,20.44,20.44,20.03,20.03,20.03,20.44,2,14,284,
503722,"BANSWARA SYNTEX LTD.",B,STK,111.95,112.75,109.85,110.1,110.1,113,24,362,39946,
503776,"MODIPON LTD.",X,STK,33.32,33.32,32.01,32.01,32.01,33.39,6,331,11024,
503804,"SHRI DINESH MILLS LTD.",X,STK,237.95,239.95,237,239.85,239.85,237.5,8,74,17641,
503806,"SRF LTD.",A,STK,2625.1,2626,2554,2582.4,2583.35,2649.65,4450,22107,57267035,
503811,"SIYARAM SILK MILLS LTD.",B,STK,546.7,546.7,535.45,541.35,541.35,546.6,114,1425,769465,
503816,"SWADESHI POLYTEX LTD.",X,STK,36.01,38,35.1,35.69,35.69,35.62,88,4369,157933,
503837,"SHREE RAJASTHAN SYNTEX LTD.",X,STK,13.25,13.25,12.14,12.99,12.99,12.77,14,664,8469,
503960,"BHARAT BIJLEE LTD.",A,STK,2437.25,2478.95,2418.55,2425.6,2425.6,2437.3,126,574,1407341,
504000,"ELPRO INTERNATIONAL LTD.",B,STK,87.86,87.86,84.21,84.89,85.1,86.08,164,26457,2245231,
504028,"GEE LTD.",X,STK,71.6,72.84,69.2,70.17,69.2,71.55,56,14564,1034503,
504036,"HIND RECTIFIERS LTD.",B,STK,1398.05,1435.8,1385.85,1414.45,1415.7,1424.7,184,1714,2415993,
504058,"INDO-NATIONAL LTD.",B,STK,337.3,337.3,335,335.75,335,338.95,7,20,6731,
504067,"ZENSAR TECHNOLOGIES LTD.",A,STK,568.95,568.95,536.5,537.6,537.6,570.7,3367,73211,40047244,
504076,"JYOTI LTD.",X,STK,66,68.4,65.2,66.06,66.06,67.18,176,14231,947840,
504084,"KAYCEE INDUSTRIES LTD.",X,STK,861,880,825.15,840.4,838.2,878.55,203,1051,890011,
504092,"INDOKEM LTD.",X,STK,579.75,588.9,553.55,555.65,556,582.65,324,9682,5468976,
504093,"PANASONIC ENERGY INDIA COMPANY",X,STK,303,310.5,296,298.6,304.3,303.3,31,572,171686,
504112,"NELCO LTD.",B,STK,623.05,636.4,618.55,623.35,624.5,634,182,1983,1237951,
504132,"PERMANENT MAGNETS LTD.",X,STK,841.5,854.4,821.05,836.05,840.9,844.45,113,1316,1098636,
504176,"HIGH ENERGY BATTERIES (INDIA)",X,STK,547,567,538.5,557.65,558.4,559.1,247,4997,2770886,
504180,"STANDARD BATTERIES LTD.",XT,STK,46.1,48,46.09,46.26,46.25,48.51,46,1700,79436,
504212,"UNIVERSAL CABLES LTD.",B,STK,663.8,686.55,660.5,681.45,683.4,669.85,52,362,246708,
504220,"W.S.INDUSTRIES (INDIA) LTD.",B,STK,71.87,72.54,70.54,72.21,72.21,73.2,46,2656,189578,
504240,"DELTON CABLES LTD.",X,STK,498,507.9,477,486.8,486.8,497.45,116,2008,989339,
504258,"LAKSHMI ELECTRICAL CONTROL SYS",X,STK,750.7,755,750.1,751,751,750.15,14,153,114826,
504273,"MODULEX CONSTRUCTION TECHNOLOG",Z,STK,20,21.25,19.99,21.1,21.25,20.29,45,64491,1328265,
504340,"Longspur International Venture",X,STK,6.97,6.97,6.71,6.97,6.97,6.84,33,9524,65257,
504341,"RAVINDRA ENERGY LIMITED",B,STK,144.8,145.5,141.8,144.05,144.15,145.35,29,1038,150077,
504351,"EMPOWER INDIA LTD.",X,STK,1.67,1.67,1.67,1.67,1.67,1.52,612,1462539,2442440,
504369,"GRANDMA TRADING & AGENCIES LTD",X,STK,0.49,0.49,0.49,0.49,0.49,0.49,6,1542,755,
504378,"NYSSA CORPORATION LIMITED",X,STK,2.57,2.57,2.4,2.43,2.44,2.51,91,44533,108861,
504380,"FLOMIC GLOBAL LOGISTICS LIMITE",X,STK,48,48.7,47.06,47.94,47.94,50.25,34,456,21777,
504392,"KRISHNA VENTURES LIMITED",XT,STK,25.9,25.9,24,25.5,25.5,24.76,18,1801,46329,
504397,"GANESH HOLDINGS LTD.",XT,STK,64,69.3,62.8,64.2,62.8,66,14,263,16881,
504605,"UNI ABEX ALLOY PRODUCTS LTD.",X,STK,3247,3247.95,3115,3190,3190,3253.35,28,122,384597,
504614,"SARDA ENERGY & MINERALS LTD.",A,STK,509.4,521,508.05,519.75,521,511.8,1197,30313,15666089,
504646,"BHAGWATI AUTOCAST LTD.",X,STK,540.05,552,535,549.3,549.8,537.35,20,394,214025,
504648,"BOMBAY WIRE ROPES LTD.",X,STK,48.95,48.95,45.46,45.51,45.5,47.98,27,665,30587,
504697,"GALADA POWER & TELECOMMUNICATI",XT,STK,5.58,5.58,5.58,5.58,5.58,5.48,2,12,66,
504731,"AZAD INDIA MOBILITY LIMITED",X,STK,92.63,93.8,88,88.77,88.77,92.63,105,9414,839056,
504741,"INDIAN HUME PIPE CO.LTD.",B,STK,355.55,355.55,344.35,348.75,348.75,356.8,132,2539,886004,
504746,"INDIAN LINK CHAIN MANUFACTURES",XT,STK,1432.6,1432.6,1432.6,1432.6,1432.6,1461.8,10,223,319469,
504786,"INVESTMENT & PRECISION CASTING",X,STK,540,554.55,535.05,546.95,546.95,543.9,37,1140,617813,
504810,"INFORMED TECHNOLOGIES INDIA LT",X,STK,78,78,77.99,78,78,78,6,255,19889,
504840,"KAIRA CAN CO.LTD.",X,STK,1371.25,1380,1371.25,1380,1380,1441.5,2,2,2751,
504879,"ORIENT CERATECH LIMITED",B,STK,40.17,40.2,39.15,39.35,39.35,40.2,42,652,25725,
504882,"NATIONAL STANDARD (INDIA) LTD.",B,STK,1390,1456,1350.5,1423.6,1388.1,1386.7,80,315,446538,
504903,"RATHI STEEL & POWER LTD.",X,STK,21.64,22.6,21.5,21.72,21.75,21.93,262,49622,1078415,
504908,"Duncan Engineering Limited",X,STK,454,454,437,443,443,436.15,10,33,14740,
504918,"SANDUR MANGANESE & IRON ORES L",B,STK,195.55,197.75,192.75,195.05,197,197.7,931,40985,7996612,
504959,"STOVEC INDUSTRIES LTD.",X,STK,1901.5,1940,1850,1866.5,1865.1,1942.95,117,961,1821163,
504973,"CHOLAMANDALAM FINANCIAL HOLDIN",A,STK,1670.1,1675,1635,1661.6,1667,1682.15,395,2144,3543997,
504988,"WELCAST STEELS LTD.",X,STK,710.25,710.25,695.25,695.25,695.25,690,7,56,39213,
505010,"AUTOMOTIVE AXLES LTD.",B,STK,2015.8,2017.75,1965.6,1994.3,1990,2015.1,93,294,585584,
505029,"ATLAS CYCLES (HARYANA) LTD.",B,STK,88.71,89.95,84.61,88.04,89.89,94.36,45,1160,102322,
505036,"AUTOMOBILE CORPORATION OF GOA",B,STK,1714.45,1721,1672,1689.9,1689.9,1714.45,72,584,981682,
505075,"SETCO AUTOMOTIVE LTD.",B,STK,15.3,15.3,14.53,14.63,14.55,15.29,50,2153,31573,
505160,"TALBROS AUTOMOTIVE COMPONENTS",B,STK,269.35,273.15,262.5,264.7,265.6,276.8,122,1951,521645,
505163,"Z.F.STEERING GEAR (INDIA) LTD.",B,STK,808.55,818.95,772.2,815.65,811.5,807.2,214,2729,2186955,
505192,"SML Mahindra Limited",B,STK,4890.05,5100,4890,5041,5041,4865.7,1165,5528,27704074,
505196,"TIL LTD.",B,STK,237.45,238.15,225.25,225.95,225.25,240.05,58,1078,250696,
505200,"EICHER MOTORS LTD.",A,STK,8024,8059.05,7901.25,7929.25,7942.8,8036.75,6304,16649,133028487,
505212,"JAINEX AAMCOL LTD.",X,STK,120,120,119,119,119,120.1,5,231,27710,
505216,"ALFRED HERBERT (INDIA) LTD.",X,STK,2739.9,2739.9,2710,2739.9,2739.9,2736.85,14,65,177302,
505232,"VELJAN DENISON LIMITED",X,STK,980,1015,980,1009.25,1009,1019.55,55,278,276112,
505242,"DYNAMATIC TECHNOLOGIES LTD.",B,STK,10050,10050,9802.9,9922.85,9940.05,10065.1,265,564,5581258,
505250,"G. G. Dandekar Properties Limi",X,STK,66.51,66.51,65.55,66.51,66.51,66.51,3,780,51609,
505255,"GMM PFAUDLER LTD.",A,STK,967,971.2,937.35,958.95,967.75,970.95,862,35827,33962867,
505283,"KIRLOSKAR PNEUMATIC CO.LTD.",A,STK,1132.65,1144.3,1122.05,1136.85,1133.35,1145.95,150,1358,1535279,
505285,"TULIVE DEVELOPERS LIMITED",XT,STK,812,812,812,812,812,812,1,12,9744,
505299,"KPT INDUSTRIES LIMITED",X,STK,577.5,591,564.8,569.15,578,577.15,116,2311,1323125,
505302,"LAKSHMI ENGINEERING AND WAREHO",X,STK,1859,1859,1800,1800.25,1800.25,1859.15,11,63,113922,
505324,"MANUGRAPH INDIA LTD.",B,STK,14.51,14.51,14.31,14.31,14.32,14.87,13,769,11144,
505336,"HARSHIL AGROTECH LIMITED",X,STK,0.41,0.42,0.4,0.42,0.42,0.4,675,3535587,1451821,
505343,"MONOTYPE INDIA LTD.",X,STK,0.44,0.44,0.43,0.44,0.44,0.45,572,708029,307273,
505355,"NESCO LTD.",B,STK,1140.25,1140.25,1104.4,1117.15,1118.95,1140.25,205,1255,1403782,
505358,"INTEGRA ENGINEERING INDIA LTD.",X,STK,162.55,169.75,162.55,164.4,164,165.7,146,15831,2598185,
505368,"Semac Construction Limited",B,STK,269.35,269.35,263,263,263,252.5,2,13,3438,
505400,"TEXMACO INFRASTRUCTURE & HOLDI",B,STK,93.8,94.39,92.68,94.09,94.09,94.15,25,700,65511,
505412,"WENDT (INDIA) LTD.",B,STK,6765,6796.15,6637.7,6760.85,6796,6780.45,46,86,574229,
505502,"PS IT INFRASTRUCTURE & SERVICE",X,STK,1.33,1.33,1.33,1.33,1.33,1.33,8,6594,8770,
505504,"GHV INFRA PROJECTS LIMITED",XT,STK,315,332,303.3,327.6,327.6,319.25,949,34051,10670902,
505509,"RESPONSIVE INDUSTRIES LTD.",B,STK,177.2,179.75,176.9,177.35,177.2,181.75,52,2382,424070,
505515,"SHYAMKAMAL INVESTMENTS LTD.",X,STK,13.25,13.75,12.82,13.06,13.23,13.25,28,1481,19387,
505523,"MAHARASHTRA CORPORATION LTD.",X,STK,0.37,0.39,0.37,0.38,0.38,0.37,332,711690,267132,
505526,"DOLAT ALGOTECH LIMITED",B,STK,75.62,76.75,73.89,75.9,76.11,76.28,104,4524,340299,
505533,"WESTLIFE FOODWORLD LIMITED",A,STK,504.6,504.6,489.65,491.9,491.3,504.8,294,2526,1253472,
505537,"ZEE ENTERTAINMENT ENTERPRISES",A,STK,90.59,90.85,87.5,88.03,88.25,90.78,1300,159556,14186272,
505590,"SVP GLOBAL TEXTILES LIMITED",T,STK,3.09,3.09,3.09,3.09,3.09,3.15,2,201,621,
505650,"SKYLINE MILLARS LTD.",X,STK,20.9,20.9,20.5,20.5,20.5,20.8,22,3807,78159,
505681,"BIMETAL BEARINGS LTD.",X,STK,582,582,520,554.75,563.95,571.15,73,668,357228,
505688,"BHARAT GEARS LTD.",B,STK,110,110,107,107.8,107.7,109.45,139,1946,209616,
505690,"BRADY & MORRIS ENGINEERING CO.",X,STK,847.05,847.05,825,828.3,826.05,846,23,570,471743,
505693,"La Tim Metal & Industries Limi",X,STK,11.34,11.34,10.75,11.13,11,11.18,120,38013,418322,
505700,"ELECON ENGINEERING CO.LTD.",A,STK,421.05,431.65,416.85,419.55,422.6,425.85,471,12925,5483253,
505710,"GRAUER & WEIL (INDIA) LTD.",B,STK,67,68.4,66,66.99,66.99,67.7,1307,83895,5618335,
505712,"HIM TEKNOFORGE LIMITED",X,STK,202.45,205,198.2,201.9,204,205,84,3264,656383,
505714,"GABRIEL INDIA LTD.",A,STK,971.4,971.4,952,965.45,969.6,971.35,381,4756,4565788,
505720,"Hercules Investments Limited",B,STK,127.95,128,125,126.4,126.75,126.65,189,5818,734685,
505725,"ALGOQUANT FINTECH LIMITED",B,STK,61.3,61.36,58.2,59.95,59.95,60.01,864,341709,20280500,
505726,"IFB INDUSTRIES LTD.",B,STK,1136,1145,1114.55,1122.6,1123.6,1141.1,284,2140,2408549,
505729,"SINGER INDIA LTD.",X,STK,72.35,72.9,70.2,72.32,72.9,72.35,139,21808,1567337,
505737,"INTERNATIONAL COMBUSTION (INDI",X,STK,440.5,446,425,440.85,440.85,445.5,87,1390,602890,
505744,"FEDERAL-MOGUL GOETZE (INDIA) L",B,STK,413.3,422,413.3,418,417.9,417.9,122,1442,602351,
505750,"JOSTS ENGINEERING CO.LTD.",X,STK,256,259.95,247.7,250.5,249.05,254.15,108,4989,1254622,
505790,"Schaeffler India Limited",A,STK,3960.15,4115.2,3942.95,4082.55,4081.2,3949.6,2181,10232,41445751,
505800,"RANE HOLDINGS LTD.",B,STK,1210.7,1237,1192,1218.25,1218.25,1216.15,65,453,550450,
505827,"SNL BEARINGS LTD.",X,STK,375.4,381,370.8,372.05,371.05,374.8,24,441,165229,
505840,"JAIPAN INDUSTRIES LTD.",X,STK,25.96,26,25.1,25.27,25.85,26.1,18,1671,42103,
505850,"MANGAL CREDIT AND FINCORP LTD.",B,STK,173.9,179.85,173.1,174.4,174.4,179.7,223,6244,1095451,
505854,"TRF LTD.",B,STK,266.05,269.4,266.05,268.95,266.1,267.35,8,79,21179,
505872,"WPIL LTD.",B,STK,398.8,398.8,386.65,395.05,397,400,481,11899,4694885,
505890,"KENNAMETAL INDIA LTD.",B,STK,2307,2448,2305.2,2436.95,2436.95,2336.35,554,6563,15736055,
505893,"HINDUSTAN HARDY LIMITED",X,STK,862,874.5,848,873.3,874.5,867.45,29,285,248313,
505978,"TRITON VALVES LTD.",X,STK,3523,3540,3466.05,3510.5,3491,3531.45,83,364,1278193,
506003,"SUDAL INDUSTRIES LTD.",X,STK,53.6,53.6,53.2,53.45,53.5,51.05,16,1917,102517,
506022,"PRAKASH INDUSTRIES LTD.",B,STK,138,140.4,134.85,136.05,136.95,138.35,470,28389,3907998,
506076,"GRINDWELL NORTON LTD.",A,STK,1682,1694.3,1674,1683.2,1680,1679.05,1712,4129,6948959,
506079,"LAKSHMI PRECISION SCREWS LTD.",Z,STK,5.59,5.59,5.59,5.59,5.59,5.34,1,1,5,
506105,"STANROSE MAFATLAL INVESTMENTS",X,STK,60.21,63.2,60.21,63.2,63.2,60.51,3,23,1435,
506109,"GENESYS INTERNATIONAL CORPORAT",B,STK,307.05,309.45,299.25,307.75,304.75,314.15,363,9688,2960666,
506122,"Kairosoft AI Solutions Limited",XT,STK,47.28,48.47,45.06,45.33,45.29,46.35,23,1247,56961,
506128,"PARNAX LAB LTD.",X,STK,130,130.05,126.3,130,130,129.75,36,3372,436481,
506134,"GOURMET GATEWAY INDIA LIMITED",X,STK,11.32,11.32,10.87,11.29,11.29,11.01,66,20755,233001,
506146,"VISAGAR POLYTEX LTD.",B,STK,0.59,0.59,0.56,0.56,0.56,0.58,25,37442,21106,
506166,"APIS INDIA LTD.",XT,STK,62,64.7,61.53,61.89,62,64.76,476,24069,1498271,
506184,"KANANI INDUSTRIES LTD.",B,STK,1.53,1.58,1.41,1.54,1.54,1.54,50,37877,56063,
506186,"GALAXY CLOUD KITCHENS LIMITED",X,STK,15.78,15.78,14.66,15.77,15.78,15.03,90,26223,408855,
506194,"ARIHANT SUPERSTRUCTURES LIMITE",B,STK,257.75,259.1,251,252.25,251,260.2,39,202,51984,
506197,"BLISS GVS PHARMA LTD.",B,STK,223.35,224.2,205.85,210.3,213.95,225,1066,67632,14699703,
506222,"Styrenix Performance Materials",A,STK,1903.15,1935.85,1903.1,1912.65,1912.2,1940.95,135,806,1542655,
506235,"ALEMBIC LTD.",B,STK,94,94,91.73,92.47,92.18,94.59,241,14481,1339965,
506248,"AMINES & PLASTICIZERS LTD.",B,STK,162.05,162.05,162.05,162.05,162.05,162.05,2,2,324,
506260,"ANUH PHARMA LTD.",B,STK,73.34,76.28,72.25,75.34,76.28,73.64,129,3645,270006,
506261,"MODISON LIMITED",B,STK,139.5,140.35,137.3,139.5,139.5,139.6,151,2594,360874,
506285,"BAYER CROPSCIENCE LTD.",A,STK,4788.3,4788.3,4697,4714.8,4722.05,4788.25,271,764,3609545,
506365,"STARSOURCE MULTITRADE LIMITED",X,STK,94.2,95,92,95,95,94.2,8,155,14635,
506373,"CITURGIA BIOCHEMICALS LTD.",B,STK,88.2,88.2,88.2,88.2,88.2,73.5,9,294,25930,
506390,"Sudarshan Colorants India Limi",B,STK,354.65,354.65,346.35,349.05,346.35,354.2,46,276,96441,
506395,"COROMANDEL INTERNATIONAL LTD.",A,STK,2287.85,2292.7,2265,2279.45,2278,2289.05,402,2467,5618954,
506401,"DEEPAK NITRITE LTD.",A,STK,1605.3,1607,1580.05,1587.65,1587.65,1616.15,572,4461,7094360,
506405,"DMCC SPECIALITY CHEMICALS LIMI",B,STK,229,229,215.95,217.05,217,231.15,75,2521,554590,
506414,"FERMENTA BIOTECH LIMITED",X,STK,331.5,338,329.4,336.2,338,335.15,165,12408,4137276,
506480,"GOCL Corporation Limited",B,STK,252.9,253.5,248.75,252.2,253.5,252.8,66,2616,657657,
506520,"JAYSHREE CHEMICALS LTD.",X,STK,6.75,6.75,6.35,6.42,6.4,6.51,36,2067,13407,
506525,"KANORIA CHEMICALS & INDUSTRIES",B,STK,71.14,71.14,71.13,71.13,71.13,74.99,7,500,35565,
506528,"KELTECH ENERGIES LTD.",X,STK,3112,3299,3112,3295.2,3295,3296.4,84,332,1074703,
506532,"NITTA GELATIN INDIA LTD.",X,STK,850,850.5,831,838.7,837.95,850.5,89,1621,1364542,
506543,"M.P.AGRO INDUSTRIES LTD.",XT,STK,8.5,8.5,8.5,8.5,8.5,8.87,1,10,85,
506579,"AG VENTURES LIMITED",B,STK,115,115.7,113.3,114.5,114.65,116.05,110,4738,542315,
506590,"PCBL Chemical Limited",A,STK,306.95,313,299.25,310.6,310.6,304.35,2537,171715,52452534,
506597,"AMAL LTD.",X,STK,529.6,529.6,482.05,498.55,498.9,520.75,649,11726,5846860,
506605,"POLYCHEM LTD.",X,STK,1971,2130,1971,2122.3,2130,1971,29,146,301643,
506618,"PUNJAB CHEMICALS AND CROP PROT",B,STK,1004.15,1056.15,997,1032.55,1035.55,986.15,108,733,755071,
506640,"ZR2 BIOENERGY LIMITED",X,STK,142.6,159.8,140.15,143.15,142.65,151.7,15,81,11578,
506642,"SADHANA NITROCHEM LTD.",B,STK,2.28,2.31,2.16,2.29,2.27,2.2,1030,2484659,5645278,
506655,"SUDARSHAN CHEMICAL INDUSTRIES",A,STK,895,896.2,874.05,888.15,886,899.8,170,997,881831,
506680,"TECIL CHEMICALS & HYDRO POWER",B,STK,14.49,14.49,13.22,13.51,13.65,14.5,8,351,4744,
506685,"ULTRAMARINE & PIGMENTS LTD.",B,STK,422.7,441.85,421.5,439.7,439.7,428.35,2579,28242,12321977,
506687,"TRANSPEK INDUSTRY LTD.",X,STK,1069.95,1089.95,1040,1047.25,1051,1069.2,210,5415,5675853,
506690,"UNICHEM LABORATORIES LTD.",B,STK,355,357.35,350,355.1,356,356.65,89,2195,775801,
506734,"MYSORE PETRO CHEMICALS LTD.",X,STK,97.71,98.95,96,97,97,97.71,23,1764,169468,
506767,"ALKYL AMINES CHEMICALS LTD.",A,STK,1507,1520.25,1491.65,1495.85,1494.4,1512.05,308,1335,2002229,
506808,"TUTICORIN ALKALI CHEMICALS AND",X,STK,54.46,55.68,53.55,53.85,53.68,54.19,120,7928,431272,
506820,"ASTRAZENECA PHARMA INDIA LTD.",A,STK,8819,8834.5,8682,8791.35,8797,8871.9,117,278,2432323,
506852,"Primo Chemicals Limited",B,STK,20.41,20.41,19.82,20.33,20.33,20.06,4,3475,69757,
506854,"TANFAC INDUSTRIES LTD.",B,STK,4276.35,4300,3977,4016.7,4016.7,4276.35,1200,8524,34911871,
506858,"GUJARAT PETROSYNTHESE LTD.",X,STK,60.01,60.02,60,60.01,60.01,60,11,427,25623,
506863,"SWADESHI INDUSTRIES LEASING CO",XT,STK,125.8,125.8,125.8,125.8,125.8,128.35,53,11421,1436761,
506879,"GUJARAT THEMIS BIOSYN LTD.",B,STK,329.7,329.7,316,318.8,319.75,334.7,220,4720,1512138,
506906,"Saptak Chem And Business Limit",XT,STK,60.4,60.4,60.4,60.4,60.4,61.63,18,359,21683,
506919,"MAKERS LABORATORIES LTD.",X,STK,142.3,145.45,141,141.1,145.45,142.4,27,1747,247364,
506935,"CONTINENTAL CHEMICALS LTD.",X,STK,74.47,74.47,74.47,74.47,74.47,78.38,1,30,2234,
506943,"J.B.CHEMICALS & PHARMACEUTICAL",A,STK,2030.55,2086.75,2030.55,2069.55,2079,2047.2,1604,19773,40907153,
506947,"ADVANCE PETROCHEMICALS LTD.",X,STK,107.5,118.5,107.5,107.5,107.5,112.9,3,155,17212,
506979,"APT PACKAGING LTD.",X,STK,126,126,125.9,125.9,125.9,129.9,4,52,6548,
506981,"BLUE CHIP TEX INDUSTRIES LTD.",X,STK,129.95,129.95,129.95,129.95,129.95,127,3,70,9096,
507155,"JAGATJIT INDUSTRIES LTD.",X,STK,135.5,147,133.5,139,139.8,135.5,665,43312,6097525,
507180,"KESAR ENTERPRISES LTD.",X,STK,5.01,5.15,4.5,4.78,4.5,4.91,85,23023,113810,
507205,"TILAKNAGAR INDUSTRIES LTD.",A,STK,450.05,452.15,441.35,444.35,444.35,452.2,1014,27543,12320319,
507265,"Emerald Leisures Limited",X,STK,180,190,156,190,190,189.65,30,1580,283010,
507300,"The Ravalgaon Sugar Farm Limit",X,STK,902.5,912.5,902.5,904.7,902.7,925.05,4,10,9035,
507315,"SAKTHI SUGARS LTD.",B,STK,16.92,16.92,15.5,15.6,15.6,16.34,73,5765,90411,
507410,"WALCHANDNAGAR INDUSTRIES LTD.",B,STK,171.1,173.85,165.1,169.45,169.8,174.15,438,16497,2795439,
507438,"IFB AGRO INDUSTRIES LTD.",B,STK,945,945,884.8,895.4,892.5,902.7,99,1167,1055209,
507474,"KOTHARI FERMENTATION & BIOCHEM",X,STK,42.69,42.69,40.21,41.96,41.96,41.79,25,2914,119050,
507488,"G.M.BREWERIES LTD.",B,STK,1020.6,1023.15,990.45,1006.8,1006.1,1034.35,312,3286,3294287,
507490,"RANA SUGARS LTD.",B,STK,10.98,11.01,10.76,10.9,10.9,10.98,71,8622,93762,
507498,"PICCADILY SUGAR & ALLIED INDUS",X,STK,36.21,36.71,34.51,35.02,35.19,36.71,50,3929,139040,
507514,"SOM DISTILLERIES & BREWERIES L",B,STK,82.01,82.11,79.32,80.14,80.14,82.27,530,42115,3374031,
507515,"C.J.GELATINE PRODUCTS LTD.",X,STK,18.99,18.99,18.99,18.99,18.99,18.99,1,2,37,
507526,"ASSOCIATED ALCOHOLS & BREWERIE",B,STK,825,837.35,814.5,826.6,828.8,834.2,158,3259,2695846,
507552,"FOODS & INNS LTD.",B,STK,60.01,60.74,59.04,59.04,59.04,60.75,82,7856,468614,
507598,"KOVILPATTI LAKSHMI ROLLER FLOU",X,STK,96,97,94.5,97,97,96.99,15,2044,197084,
507609,"OLYMPIC OIL INDUSTRIES LTD.",X,STK,31.81,31.81,30.99,30.99,30.99,30.3,12,208,6602,
507621,"MILKFOOD LTD.",X,STK,52.1,54.78,52.1,52.28,52.2,53.19,84,4354,228551,
507645,"POLSON LTD.",X,STK,11400,11400,11200.55,11200.55,11200.55,11201.1,2,2,22600,
507685,"WIPRO LTD.",A,STK,202.8,203.3,199.5,200.15,200.15,205.95,31312,1375807,276321617,
507690,"ORIENT BEVERAGES LTD.",XT,STK,242.5,244,231.6,239.25,244,242.45,41,839,198242,
507717,"DHANUKA AGRITECH LTD.",B,STK,1092.95,1095.85,1080,1090.9,1093.05,1104.2,181,1342,1461365,
507747,"TTK HEALTHCARE LTD.",B,STK,924.05,927.4,915.1,917.05,915.1,922.1,60,158,145260,
507753,"TGV SRAAC Limited",B,STK,87.68,87.94,86.2,86.8,87.15,87.68,548,53598,4654497,
507759,"LIME CHEMICALS LTD.",X,STK,12.26,12.26,11.66,11.76,11.76,12.26,8,2531,29565,
507779,"KANPUR PLASTIPACK LTD.",B,STK,182.1,194.05,182.1,187.5,187,193.25,111,603,116330,
507785,"TAINWALA CHEMICALS & PLASTICS",B,STK,184.1,184.1,184.1,184.1,184.1,184.05,2,3,552,
507789,"JAGSONPAL PHARMACEUTICALS LTD.",B,STK,173.25,176,172,172.35,172,174.55,30,664,115582,
507794,"KHAITAN CHEMICALS & FERTILIZER",B,STK,58.84,59.53,57.65,58.88,59.53,58.84,50,1834,106621,
507813,"NATIONAL OXYGEN LTD.",X,STK,73.04,73.94,68.05,70.18,72,73.04,23,314,21703,
507815,"GILLETTE INDIA LTD.",A,STK,8590.9,8590.9,8402,8422.05,8405,8631.3,339,901,7609243,
507828,"ANSAL HOUSING LIMITED",X,STK,8.27,8.58,7.82,7.92,7.92,8.27,188,60358,482680,
507833,"COMPUTER POINT LTD.",X,STK,3.91,4.19,3.91,4.18,4.19,4.16,33,5027,20845,
507836,"MAC CHARLES (INDIA) LTD.",X,STK,638.95,650,575,597.75,600,639,64,1350,829470,
507852,"ADDI INDUSTRIES LTD.",X,STK,108,108,100,100.2,100,101.95,25,1185,118549,
507864,"PIONEER INVESTCORP LTD.",XT,STK,99,103.95,96.3,101,101,100.55,26,2042,199721,
507872,"ASHNOOR TEXTILE MILLS LTD.",X,STK,43.15,43.15,41.5,43.14,43.14,43.16,5,205,8517,
507878,"UNITECH LTD.",B,STK,4.98,5.04,4.89,4.92,4.91,4.99,342,542898,2681162,
507880,"V.I.P.INDUSTRIES LTD.",A,STK,368,368.1,362.1,365.9,364.95,372,371,7264,2650650,
507910,"FIBERWEB (INDIA) LTD.",T,STK,42.21,42.21,41.5,41.5,41.5,43.3,7,2601,109361,
507912,"LKP FINANCE LIMITED",XT,STK,984.95,994,960,965.65,978,976.85,340,9806,9588237,
507944,"BAJAJ STEEL INDUSTRIES LTD.",B,STK,424.2,425.3,416.1,417.25,417.25,424.2,563,16291,6840709,
507946,"KIDUJA INDIA LTD.",X,STK,17.69,18.95,17.18,17.46,18.8,18.05,15,967,16878,
507948,"KEY CORP LTD.",X,STK,82.79,82.99,79.04,79.73,82.3,83.2,55,1914,152704,
507960,"GUJARAT HOTELS LTD.",X,STK,192,194,185.9,190.9,190.9,189.15,31,875,167897,
507962,"FYNX CAPITAL LIMITED",XT,STK,68.07,68.07,68.07,68.07,68.07,66.74,27,21768,1481747,
507966,"RAS RESORTS & APART HOTELS LTD",X,STK,40,45,37.55,41.87,41.87,39,14,663,27561,
507968,"JOLLY PLASTIC INDUSTRIES LTD.",P,STK,24.79,24.79,24.79,24.79,24.79,23.61,1,100,2479,
507981,"JINDAL HOTELS LTD.",X,STK,68.7,68.7,64.71,65.42,66.2,64.7,21,229,15105,
507998,"SIMMONDS MARSHALL LTD.",X,STK,142.05,148,140,145.95,147.5,141.55,135,9552,1370387,
508136,"B & A LTD.",X,STK,380,380,379.95,380,380,385,6,195,74099,
508486,"HAWKINS COOKERS LTD.",B,STK,7290,7350.05,7171.05,7251.35,7225,7204.3,455,1034,7499930,
508494,"WARREN TEA LTD.",X,STK,43.01,44.2,42.8,42.9,42.9,44,34,1752,75486,
508571,"COCHIN MALABAR ESTATES & INDUS",X,STK,137.3,137.3,125,127.65,125.2,135.8,16,145,18307,
508664,"BEST EASTERN HOTELS LTD.",X,STK,11.97,12,11.5,11.95,11.95,11.58,20,1303,15601,
508670,"NEELAMALAI AGRO INDUSTRIES LTD",X,STK,3210,3353,3210,3332.3,3353,3232,4,13,42953,
508807,"IST LTD.",B,STK,701.2,724,700,708.95,709,720.8,69,609,432455,
508814,"Cosmo First Limited",B,STK,659.6,660.25,647.85,653.35,652.15,664.6,151,2376,1552831,
508869,"APOLLO HOSPITALS ENTERPRISE LT",A,STK,7650,7728.05,7650,7718.6,7718.6,7693.15,1844,10624,81831595,
508875,"Nitin Castings Limited",X,STK,505,544.9,505,507.8,520,505.9,37,286,147280,
508905,"NEXOME CAPITAL MARKETS LIMITED",X,STK,87.64,94.5,85.1,89.53,89,85.8,47,1514,137554,
508906,"EVEREST INDUSTRIES LTD.",B,STK,389.05,390.1,389.05,390.1,390.1,390.95,5,47,18288,
508918,"IRONWOOD EDUCATION LIMITED",X,STK,50.7,50.7,47.6,47.99,48,49.48,77,11228,537041,
508922,"MSR INDIA LTD.",XT,STK,5.9,5.99,5.9,5.99,5.99,5.88,414,190993,1138062,
508933,"AYM Syntex Limited",B,STK,205.25,206.55,195.15,200.9,200.45,206.1,77,739,146871,
508941,"PANASONIC CARBON INDIA CO.LTD.",X,STK,472.6,473.7,469,471.7,473.3,472.1,55,1361,640565,
508954,"FINKURVE FINANCIAL SERVICES LT",B,STK,81.7,85,78,81.11,82.2,81.3,176,14842,1207744,
508956,"HB LEASING & FINANCE CO.LTD.",X,STK,12.29,12.95,12.29,12.3,12.3,12.27,15,950,11868,
508961,"SHRICON INDUSTRIES LTD.",XT,STK,211.95,211.95,192.85,199.4,200,202.95,15,474,95674,
508963,"TRUSTWAVE SECURITIES LIMITED",X,STK,19.69,19.69,19.69,19.69,19.69,19.69,1,100,1969,
508969,"SULABH ENGINEERS & SERVICES LT",X,STK,2.32,2.46,2.14,2.3,2.3,2.32,104,65341,146438,
508980,"FRONTIER CAPITAL LIMITED",XT,STK,7.82,8.21,7.82,8.12,8.2,7.82,49,50414,410307,
508989,"NAVNEET EDUCATION LIMITED",B,STK,151.25,151.9,146.8,149,149,152.95,85,4461,670893,
509009,"AUSOM ENTERPRISE LIMITED",T,STK,99.75,99.9,96.6,98.35,98.35,100,19,585,57260,
509015,"THAKRAL SERVICES (INDIA) LTD.",X,STK,17.86,17.86,16.2,16.2,16.2,17.05,24,3552,61016,
509020,"RUCHI INFRASTRUCTURE LTD.",B,STK,5.91,6,5.81,5.99,6,5.96,60,35607,211651,
509024,"GOLDEN LEGAND LEASING & FINANC",X,STK,11.7,11.7,10.69,10.73,10.73,11.3,30,7372,79538,
509026,"VJTF EDUSERVICES LTD.",X,STK,93.5,93.5,88,91.92,88,93.94,5,9,831,
509038,"VOLTAIRE LEASING & FINANCE LTD",X,STK,11.76,11.76,11.76,11.76,11.76,11.53,2,51,599,
509040,"NETLINK SOLUTIONS (INDIA) LTD.",XT,STK,193.95,197.95,187.1,187.15,190,194.3,16,543,105027,
509046,"TRILIANCE POLYMERS LIMITED",XT,STK,37.45,37.45,37.45,37.45,37.45,39.4,2,4400,164780,
509048,"LANCOR HOLDINGS LTD.",T,STK,26.6,26.6,26.6,26.6,26.6,27.99,10,1322,35165,
509051,"INDIAN INFOTECH & SOFTWARE LTD",X,STK,0.67,0.67,0.65,0.65,0.65,0.66,799,2374411,1564507,
509053,"BANAS FINANCE LTD.",X,STK,6.81,6.81,6.48,6.51,6.6,6.6,92,18531,122745,
509055,"VISAKA INDUSTRIES LTD.",B,STK,61.81,62.2,61.5,61.99,61.99,62.23,29,1597,98681,
509069,"INFOMEDIA PRESS LTD.",B,STK,5.74,5.74,4.82,5.26,5.26,5.23,13,183,943,
509073,"HATHWAY BHAWANI CABLETEL & DAT",X,STK,12.98,12.98,11.5,12.44,12.39,13,16,434,5299,
509079,"GUFIC BIOSCIENCES LTD.",B,STK,281,283.9,273.1,281.8,282.3,283.3,232,2291,642457,
509152,"GRP LTD.",B,STK,1750,1750,1697.95,1709,1709,1759.5,20,58,98865,
509162,"INDAG RUBBER LTD.",X,STK,101.55,101.55,95.1,96.5,96.5,101.55,362,22826,2213321,
509196,"MM RUBBER COMPANY LTD.",X,STK,73.05,73.05,71.01,72.47,72.49,73.5,17,876,63744,
509220,"PTL ENTERPRISES LTD.",B,STK,38.2,38.43,38.06,38.13,38.1,38.05,63,8394,321637,
509243,"TVS SRICHAKRA LTD.",B,STK,4055,4055,3933.55,3999.2,4021,4060.1,36,120,480347,
509423,"SANATHNAGAR ENTERPRISES LIMITE",X,STK,33.5,36.58,33.27,35.16,33.43,34.84,11,181,6550,
509438,"BENARES HOTELS LTD.",B,STK,9549.9,9549.9,9500,9501.25,9501.05,9503.15,158,313,2977045,
509449,"BHAGWATI OXYGEN LTD.",X,STK,40,44.59,39.98,39.98,39.98,44.9,18,2342,94131,
509470,"BOMBAY OXYGEN INVESTMENTS LIMI",X,STK,20200,20476.55,20200,20468.4,20476.55,20476.55,8,12,245015,
509472,"CRAVATEX LTD.",X,STK,375.8,377.05,375.5,377,377,376.7,17,657,247099,
509480,"BERGER PAINTS INDIA LTD.",A,STK,463.3,464.95,459.65,462.65,463.05,464.7,616,4407,2034994,
509486,"CAPRIHANS INDIA LTD.",X,STK,80,82.81,80,81.12,80.05,81.98,29,1190,96532,
509488,"GRAPHITE INDIA LTD.",A,STK,691,702.4,673.15,682.6,683.65,694.45,2680,100992,69366378,
509496,"Cemindia Projects Limited",A,STK,595.95,606.2,588.6,590.95,591.5,604.45,783,6590,3928403,
509525,"EMPIRE INDUSTRIES LTD.",X,STK,917,918.95,916.85,916.95,917,905.7,41,908,832657,
509546,"GRAVISS HOSPITALITY LTD.",X,STK,30.67,30.67,29.5,29.53,29.5,29.93,29,1335,39864,
509557,"GARWARE TECHNICAL FIBRES LIMIT",A,STK,657.45,657.45,637.7,647.5,637.7,657.35,227,331709,214782739,
509563,"GARWARE MARINE INDUSTRIES LTD.",X,STK,23.99,24,23,23.72,23.72,24.06,86,4371,103288,
509567,"GOA CARBON LTD.",B,STK,382.4,383.45,373,375.3,373.7,381.15,57,324,121796,
509597,"HARDCASTLE & WAUD MFG.CO.LTD.",X,STK,719,719,670,701.4,706.9,681.45,8,80,55757,
509631,"HEG LTD.",A,STK,554,573.6,551,564.7,564.7,554.65,6354,226795,128299013,
509635,"HINDUSTAN COMPOSITES LTD.",B,STK,433,434.75,422.4,425.1,425.1,437.05,70,481,208067,
509675,"BIRLANU LIMITED",B,STK,1569.85,1569.85,1513.95,1516.35,1515,1569.9,52,306,468003,
509692,"INDIAN CARD CLOTHING CO.LTD.",B,STK,214,214,212.05,212.05,212.05,216,7,28,5968,
509709,"INTERNATIONAL CONVEYORS LTD.",B,STK,79,80.16,77.64,77.64,77.64,79.02,41,1414,111526,
509715,"JAY SHREE TEA & INDUSTRIES LTD",B,STK,81.4,82.74,81.4,81.53,81.5,81.54,58,752,61369,
509732,"KOTHARI INDUSTRIAL CORPORATION",B,STK,183.25,189.95,181,183.85,186,188.4,242,15037,2782638,
509760,"MODERN SHARES & STOCKBROKERS L",X,STK,34.99,34.99,31.7,34.39,34.39,34.99,31,1590,51380,
509762,"MAPRO INDUSTRIES LTD.",XT,STK,52,52,52,52,52,52.04,8,2436,126672,
509820,"HUHTAMAKI INDIA LIMITED",B,STK,177.05,178.4,174.85,175.3,176.4,179.55,139,3025,533826,
509835,"PREMIER SYNTHETICS LTD.",X,STK,18.97,18.97,15.5,15.94,16,17.8,52,10249,163976,
509874,"SHALIMAR PAINTS LTD.",B,STK,56.51,56.81,54.22,55.5,55.5,56.81,108,3054,169253,
509887,"SINNAR BIDI UDYOG LTD.",XT,STK,687.65,687.65,687.65,687.65,687.65,654.95,1,1,687,
509895,"HINDOOSTAN MILLS LTD.",X,STK,179.95,179.95,174,174,174,176.1,6,15,2619,
509930,"SUPREME INDUSTRIES LTD.",A,STK,3901.05,4001.8,3901.05,3963.1,3979.95,3940.1,3371,68920,272540278,
509945,"THACKER & CO.LTD.",X,STK,1200,1200,1000,1108.35,1005,1200,17,46,51075,
509953,"TRADE WINGS LTD.",XT,STK,553.25,553.25,553.25,553.25,553.25,582.35,7,85,47026,
509960,"U.P.HOTELS LTD.",X,STK,1530,1600,1500,1563,1520.6,1503,54,360,557316,
509966,"VST INDUSTRIES LTD.",B,STK,235.95,238.05,234.5,236.75,237.8,239.9,252,6761,1592905,
510245,"SWASTI VINAYAKA SYNTHETICS LTD",X,STK,3.66,3.78,3.66,3.76,3.78,3.67,91,30983,115580,
511000,"MADHUSUDAN SECURITIES LTD.",X,STK,22.5,22.5,20.1,20.35,20.11,21.04,24,2435,53409,
511012,"YAMINI INVESTMENTS COMPANY LTD",XT,STK,0.76,0.76,0.76,0.76,0.76,0.8,310,253437,192612,
511018,"MILGREY FINANCE & INVESTMENT L",X,STK,54.27,58.5,52.5,57.5,56,54.27,768,552077,29886101,
511034,"JINDAL DRILLING & INDUSTRIES L",B,STK,463.05,468.95,455.5,466.95,468.8,463.55,108,1629,755297,
511066,"SAKTHI FINANCE LTD.",X,STK,25.7,25.7,24.41,24.72,24.75,25.46,193,13176,327385,
511076,"AEROFLEX ENTERPRISES LIMITED",B,STK,77.49,79.38,77.4,77.72,77.6,79.48,137,2126,166205,
511092,"JMD Ventures Limited",X,STK,6.75,6.88,6.62,6.75,6.88,6.75,60,33034,222821,
511108,"SHIVA TEXYARN LTD.",B,STK,161.5,164.15,157.5,157.5,157.5,159.05,23,557,89595,
511110,"V.B.DESAI FINANCIAL SERVICES L",X,STK,20.25,21,19.75,20,20,20.24,21,627,12690,
511116,"QUADRANT TELEVENTURES LIMITED",XT,STK,0.38,0.39,0.37,0.38,0.38,0.38,335,1586189,615673,
511122,"FIRST CUSTODIAN FUND (INDIA) L",X,STK,78.8,78.8,72,72.24,72,83.75,32,161,11885,
511131,"KAMANWALA HOUSING CONSTRUCTION",X,STK,16.3,16.69,15.76,15.92,15.76,16,40,18308,293953,
511147,"WSFX Global Pay Limited",X,STK,64.7,64.7,60.5,60.52,60.5,61.11,46,1184,72557,
511153,"Anjani Foods Limited",X,STK,19.7,19.7,19,19.03,19,19.3,14,2807,54033,
511169,"RKD AGRI AND RETAIL LIMITED",X,STK,4,4.01,4,4.01,4.01,4.01,2,2026,8104,
511176,"PARSHWANATH CORPORATION LTD.",X,STK,92.82,92.82,83.98,83.99,83.98,88.4,8,28,2446,
511187,"Millennium Online Solutions (I",X,STK,1.62,1.62,1.62,1.62,1.62,1.62,1,5,8,
511194,"ICDS LTD.",B,STK,45.68,45.68,45.68,45.68,45.68,45.73,1,1,45,
511196,"CAN FIN HOMES LTD.",A,STK,904.2,904.2,880.35,882.9,882.9,906.25,615,7863,6968295,
511208,"IL&FS INVESTMENT MANAGERS LTD.",B,STK,7.5,7.59,7.45,7.48,7.5,7.54,194,7943,59530,
511218,"Shriram Finance Limited",A,STK,1062.05,1066.8,1050.8,1062.15,1062.15,1065.25,3331,59862,63252852,
511243,"CHOLAMANDALAM INVESTMENT AND F",A,STK,1690.7,1740,1664.6,1735.35,1736.5,1690.65,4181,42257,72261568,
511246,"BOMBAY TALKIES LIMITED",X,STK,4.59,5.04,4.14,4.17,4.17,4.59,23,2587,10815,
511260,"ICONIK SPORTS AND EVENTS LIMIT",X,STK,52,52,49.01,50.6,50.5,49.98,34,248615,12430823,
511333,"VLS FINANCE LTD.",B,STK,257,260.75,253.8,258.45,258.45,256.5,41,1310,336764,
511355,"INDIA CEMENTS CAPITAL LTD.",X,STK,12.2,12.99,11.8,12.5,12.5,12.29,34,6011,75647,
511359,"AD-MANUM FINANCE LTD.",X,STK,53.8,53.8,53,53,53,53.02,4,7,373,
511391,"INTER GLOBE FINANCE LTD.",X,STK,55.3,58,55.3,57.12,58,58.21,10,531,29419,
511401,"MUNOTH COMMUNICATION LIMITED",X,STK,6,6.5,6,6.5,6.5,6.3,7,2585,16043,
511411,"SHRISTI INFRASTRUCTURE DEVELOP",X,STK,27.93,28,27.93,28,28,27.66,3,4,111,
511413,CREST,B,STK,334.1,334.3,328.4,331.25,331.25,339.05,11,136,45152,
511431,"VAKRANGEE LIMITED",B,STK,6.9,6.9,6.63,6.67,6.7,6.9,368,200351,1338637,
511447,"Sylph Industries Limited",X,STK,0.62,0.64,0.62,0.63,0.63,0.61,4773,31801908,19968636,
511451,"DHARANI FINANCE LTD.",X,STK,9.88,9.88,9.35,9.82,9.82,9.84,7,47,451,
511463,"Alexander Stamps And Coin Limi",X,STK,9.39,9.39,8.43,9.18,9.18,9.17,29,8787,79114,
511473,"INDBANK MERCHANT BANKING SERVI",B,STK,35.86,36.2,35.06,35.86,36.2,35.77,57,728,25850,
511493,"SHRYDUS INDUSTRIES LIMITED",X,STK,3.47,3.47,3.2,3.43,3.39,3.39,44,15297,51812,
511501,"Bharat Bhushan Finance & Commo",X,STK,26.15,26.15,25.15,25.54,25.16,26.18,28,294,7569,
511505,"CAPITAL TRUST LTD.",B,STK,13.91,13.91,12.93,13.16,13.22,13.29,27,2534,33407,
511509,"VIVO BIO TECH LTD.",X,STK,29.55,29.55,27.11,27.83,27.5,27.92,105,10178,285556,
511523,"VEERHEALTH CARE LIMITED",X,STK,20.34,20.34,19.32,19.63,19.67,19.98,133,125624,2471374,
511525,"PAN INDIA CORPORATION LTD.",X,STK,1.9,1.92,1.6,1.75,1.75,1.87,262,138750,248550,
511533,"SAHARA HOUSINGFINA CORPORATION",X,STK,39.67,39.67,39.2,39.4,39.4,39.67,6,132,5197,
511535,"NDA SECURITIES LTD.",X,STK,48.99,50.79,44.25,47.3,47.35,47.22,580,111309,5400701,
511539,"Supra Trends Limited",XT,STK,14.3,14.8,14.3,14.8,14.8,14.3,4,408,5838,
511549,"MORARKA FINANCE LTD.",X,STK,60,60,57.05,58.39,59,60,32,2136,125758,
511551,"Monarch Networth Capital Limit",B,STK,286.05,286.05,273.65,276,273.65,284.25,44,522,146230,
511557,"PRO FIN CAPITAL SERVICES LTD.",XT,STK,3.88,4.01,3.69,3.92,3.92,3.88,823,3748544,14263757,
511559,"TEAM INDIA GUARANTY LIMITED",B,STK,252,274,252,274,274,254.15,6,51,13224,
511563,"SANCHAY FINVEST LTD.",Z,STK,41.88,42,41.88,41.89,41.88,44.08,15,1029,43114,
511571,"Crescentis Capital Limited",X,STK,140.9,141.4,137.7,140,140,137.85,73,5929,834157,
511577,"Mantra Capital Limited",X,STK,15.87,15.87,14.6,14.61,14.61,14.68,16,6460,101978,
511585,"BEFOUND MOVEMENT LIMITED",X,STK,3.22,3.22,3.22,3.22,3.22,3.28,9,187,602,
511589,"AVONMORE CAPITAL & MANAGEMENT",B,STK,15.28,15.35,14.88,14.96,15.15,15.02,116,1608,24228,
511593,"LIBORD FINANCE LTD",X,STK,17.67,18.48,16.79,18.44,18.44,17.67,10,1664,29616,
511601,"YASH MANAGEMENT & SATELLITE LT",X,STK,8.75,8.75,7.85,8.43,8.41,8.18,32,1661,14245,
511605,"ARIHANT CAPITAL MARKETS LTD.",B,STK,87.26,87.26,82.36,84.55,85.13,84.25,706,46165,3902985,
511609,"ISL CONSULTING LTD.",X,STK,29.72,29.73,29.72,29.72,29.73,29.72,3,300,8917,
511611,"DCM FINANCIAL SERVICES LTD.",B,STK,4.71,4.71,4.34,4.41,4.41,4.71,6,434,1940,
511626,"RR FINANCIAL CONSULTANTS LTD.",X,STK,108.9,108.9,100.21,101.09,103.95,105.48,59,2282,230459,
511628,"FEDDERS HOLDING LIMITED",X,STK,45.76,46.4,45.1,45.12,45.12,45.66,198,141850,6471387,
511630,"SAMBHAAV MEDIA LTD.",B,STK,8.28,8.28,7.51,7.51,7.51,7.9,17,1642,12337,
511636,"DJS STOCK & SHARES LTD.",X,STK,2.33,2.47,2.32,2.4,2.41,2.4,85,13585,32233,
511644,"OMEGA INTERACTIVE TECHNOLOGIES",XT,STK,70,70,66.75,70,70,66.7,373,55291,3837071,
511658,"NETTLINX LTD.",X,STK,18.06,18.44,17.51,18.24,18.31,18.02,27,6068,106711,
511664,"BGIL FILMS & TECHNOLOGIES LTD.",X,STK,11.94,12.49,11.35,11.88,11.8,11.92,104,76089,888894,
511672,"Scan Steels Limited",X,STK,30.85,31,29.99,30.4,30.4,30.91,122,22656,683214,
511676,"GIC HOUSING FINANCE LTD.",B,STK,156.9,157.5,154.05,155,155.25,157.95,80,1328,206120,
511692,"AJCON GLOBAL SERVICES LTD.",X,STK,6.29,6.29,5.86,5.99,5.99,6.14,25,1416,8512,
511696,"CHARTERED CAPITAL & INVESTMENT",X,STK,261.25,274,261.25,274,274,275,2,3,796,
511700,"STANDARD CAPITAL MARKETS LTD.",X,STK,0.48,0.49,0.46,0.47,0.47,0.48,1213,4342498,2056009,
511702,"YOGI LIMITED",X,STK,163,164,158,162.85,161.05,162.1,34,1484,240824,
511710,"CUBICAL FINANCIAL SERVICES LTD",X,STK,2.04,2.13,2.04,2.1,2.1,2.13,34,4733,9833,
511712,"RELIC TECHNOLOGIES LTD.",X,STK,80.95,87.8,73.08,76.99,77,81.19,27,1147,87603,
511714,"NIMBUS PROJECTS LTD.",X,STK,201,207.7,196.65,198.3,200,206.95,77,1960,390650,
511716,"Invigorated Business Consultin",X,STK,5.55,5.78,5.19,5.77,5.77,5.53,16,6646,35090,
511724,"BAID FINSERV LIMITED",B,STK,11.22,11.47,10.82,11.19,11.2,11.16,45,8665,95959,
511726,"VIPUL LTD.",T,STK,11.61,11.61,10.57,11.61,11.61,11.06,117,42310,477553,
511728,"K.Z.LEASING & FINANCE LTD.",X,STK,15.5,15.5,15.5,15.5,15.5,16.02,1,1,15,
511738,"MEHTA SECURITIES LTD.",XT,STK,34.91,34.91,34.91,34.91,34.91,33.25,1,2,69,
511742,"UGRO CAPITAL LIMITED",B,STK,116.05,116.05,112,114.6,114.8,116.4,207,11403,1302239,
511754,"SHALIBHADRA FINANCE LTD.",X,STK,93.79,96,92.1,93.03,92.1,93.36,33,3616,339539,
511756,"ABIRAMI FINANCIAL SERVICES (IN",Z,STK,37.95,37.95,35.63,35.63,35.63,37.5,13,267,9713,
511758,"MANSI FINANCE (CHENNAI) LTD.",X,STK,72.12,72.12,72.12,72.12,72.12,72.12,1,7,504,
511764,"Aastamangalam Finance Limited",X,STK,32.99,32.99,28.21,29.03,28.99,30.98,102,31384,943487,
511766,"MUTHOOT CAPITAL SERVICES LTD.",B,STK,232.25,235.25,229.25,230.85,230.2,230.5,44,704,162680,
511768,"MASTER TRUST LTD.",B,STK,85.5,86.45,83.4,84.45,84.95,86.4,73,2757,233675,
512008,"EFC (I) LIMITED",B,STK,261.5,262.6,237.45,242.6,244.55,265.2,6783,1618569,397060958,
512014,"SOBHAGYA MERCHANTILE LTD.",X,STK,764,770,735.15,765.95,767.7,764,30,823,628211,
512018,"TOMORROW TECHNOLOGIES GLOBAL I",X,STK,8.05,8.24,7.85,7.88,7.85,8.01,38,5257,41821,
512020,"SARASWATI COMMERCIAL (INDIA) L",B,STK,12000,12000,10250.05,10950.5,10950.5,11754.7,78,141,1570505,
512025,"BANGANGA PAPER INDUSTRIES LIMI",X,STK,48,48.6,44.1,45.64,45.64,47.96,886,320670,14751627,
512036,"SKYBIOTECH HEALTHCARE LIMITED",X,STK,122.55,122.9,116.45,116.45,116.45,122.55,5,13,1590,
512038,"TCC CONCEPT LIMITED",B,STK,435.05,449.45,431.1,438.7,449.45,436.7,110,6380,2793966,
512047,"ROYAL INDIA CORPORATION LIMITE",X,STK,3.95,4.09,3.59,3.79,3.78,3.98,888,3952788,14350358,
512048,"DHANSAFAL FINSERVE LIMITED",X,STK,2.43,2.51,2.37,2.48,2.48,2.41,111,142071,344639,
512062,"SANMITRA COMMERCIAL LTD.",XT,STK,29.04,29.04,29.04,29.04,29.04,27.66,1,65,1887,
512064,"VISHVPRABHA VENTURES LIMITED",X,STK,51.3,51.4,51.3,51.4,51.4,54,3,3,154,
512065,"MRUGESH TRADING LTD.",XT,STK,11.64,11.64,11.64,11.64,11.64,11.42,1,145,1687,
512068,"DECCAN GOLD MINES LTD.",B,STK,127,128,125.2,127.45,127.45,126.6,2702,360969,45819273,
512070,"UPL LIMITED",A,STK,642.25,653.75,627.2,630.45,631,644.65,9929,305719,194986139,
512093,"CRANES SOFTWARE INTERNATIONAL",Z,STK,4.4,4.64,4.37,4.5,4.64,4.58,38,22978,103103,
512097,"SAIANAND COMMERCIAL LIMITED",X,STK,0.28,0.29,0.28,0.28,0.28,0.28,132,517786,147347,
512103,"NIDHI GRANITES LTD.",X,STK,310.3,320,297,320,320,330,10,145,44636,
512115,"ROSE MERC.LTD.",X,STK,69.99,69.99,67,67.75,67.75,68.44,21,3502,238104,
512131,"SIGNET INDUSTRIES LIMITED",B,STK,47.78,47.78,44.02,45.31,45.31,48.79,56,3782,171730,
512149,"AVANCE TECHNOLOGIES LTD.",XT,STK,1.14,1.15,1.1,1.11,1.11,1.14,3502,5785120,6433902,
512161,"SECUREKLOUD TECHNOLOGIES LIMIT",T,STK,24,24,22.02,22.5,22.5,23.17,13,240,5298,
512165,"ABANS ENTERPRISES LTD",X,STK,26,26,24.02,25.16,25.18,24.5,36,938,23118,
512175,"VAMA INDUSTRIES LTD.",X,STK,4.39,4.39,3.85,3.9,3.87,4.2,146,128751,509151,
512179,"SUNTECK REALTY LTD.",A,STK,402.85,402.85,397.2,401,401.95,411.1,156,2388,953273,
512217,"PRISM MEDICO AND PHARMACY LTD.",X,STK,24.88,24.88,24.88,24.88,24.88,23.7,39,11960,297564,
512229,"VERITAS (INDIA) LTD.",XT,STK,179.9,179.9,175,175.75,175.75,178.55,80,11686,2063297,
512237,"JAI CORP LTD.",B,STK,115,115,111.85,112.75,112.35,114.95,185,9856,1115278,
512247,"ASHIRWAD CAPITAL LTD.",X,STK,2.62,2.65,2.6,2.63,2.63,2.62,173,46824,122578,
512257,"SWASTI VINAYAKA ART AND HERITA",X,STK,3.4,3.59,3.4,3.52,3.52,3.51,94,60355,212482,
512267,"MEDIA MATRIX WORLDWIDE LTD.",B,STK,11.3,11.3,10.28,10.45,10.5,10.65,231,49636,528922,
512277,"AUTORIDERS INTERNATIONAL LTD.",XT,STK,442.9,453.7,418.7,433.75,433.95,440.7,101,804,340200,
512296,"BHAGYANAGAR INDIA LTD.",B,STK,152.85,153.85,145.15,148.65,148.65,152.85,485,25406,3816151,
512297,"Shantai Industries Limited",XT,STK,36.77,36.77,36.77,36.77,36.77,36.05,6,585,21510,
512301,"CHAMBAL BREWERIES & DISTILLERI",XT,STK,21.4,21.4,21.4,21.4,21.4,20.99,33,55478,1187229,
512329,"SG MART LIMITED",B,STK,429.15,436,425.35,430.7,432,432.8,419,10770,4640834,
512344,"ARAVALI SECURITIES & FINANCE L",X,STK,5.4,5.48,5.4,5.4,5.4,5.4,9,482,2617,
512345,"YASH TRADING & FINANCE LTD.",XT,STK,142.9,157.5,142.9,157.5,157.5,150,6,11,1595,
512361,"CUPID BREWERIES AND DISTILLERI",X,STK,37.75,37.75,34.52,35.76,36.24,35.96,297,119630,4426649,
512379,"CRESSANDA RAILWAY SOLUTIONS LI",X,STK,2.79,2.79,2.72,2.76,2.77,2.79,612,265730,730597,
512381,"STARTECK FINANCE LIMITED",B,STK,270,271.55,269.85,269.95,269.85,270.15,59,3328,901224,
512393,"SHARDUL SECURITIES LTD.",X,STK,29.68,31.34,28.55,28.55,28.55,29.68,10,1874,53634,
512399,"SERA INVESTMENTS & FINANCE IND",X,STK,36.63,37.99,36.63,37.05,37.8,38,69,12254,451798,
512415,"MERCURY TRADE LINKS LTD.",X,STK,6.78,6.78,6.24,6.35,6.35,6.56,129,73081,460329,
512425,"NIRAV COMMERCIALS LTD.",X,STK,565,591.15,563,589,589,563,12,42,23819,
512437,"APOLLO FINVEST (INDIA) LTD.",X,STK,377,392.05,375.1,375.25,375.25,377.3,19,203,76339,
512441,"Enbee Trade &amp; Finance Ltd",X,STK,0.4,0.41,0.39,0.39,0.4,0.4,280,1201505,477446,
512443,"Ganon Products Limited",X,STK,14.6,15.23,13.9,15.11,15.14,14.52,88,76083,1144956,
512453,"SHRI JAGDAMBA POLYMERS LTD.",X,STK,609.7,625,532.3,608,619.95,598.95,166,1440,834167,
512455,"LLOYDS METALS AND ENERGY LTD.",A,STK,1125.05,1167.1,1125,1163.05,1158.6,1139.25,906,19803,22724519,
512463,"LLOYDS ENTERPRISES LIMITED",A,STK,53.33,55.5,52.02,54,54,53.33,874,117548,6191232,
512477,"BETEX INDIA LTD.",XT,STK,398,398,378.3,378.75,378.6,398,14,283,109582,
512485,"DHANLAXMI COTEX LTD.",X,STK,76.86,76.86,70.2,70.36,70.36,73.2,8,241,17348,
512489,"OASIS SECURITIES LTD.",X,STK,18.32,18.69,17.41,17.49,17.5,18.32,62,17915,321530,
512493,"GARNET INTERNATIONAL LTD.",XT,STK,62.78,62.78,60.11,61.37,60.55,60.53,33,7213,446558,
512499,"SHALIMAR PRODUCTIONS LTD.",X,STK,0.49,0.49,0.49,0.49,0.49,0.49,109,33810,16566,
512519,"DONEAR INDUSTRIES LTD.",B,STK,93,93,89.75,89.93,89.75,92.16,50,1915,174897,
512527,"SUPER SALES INDIA LTD.",X,STK,621.05,635,621,634.95,634.95,634.7,23,241,151508,
512529,"VIYASH SCIENTIFIC LIMITED",B,STK,214.55,220.85,214.45,219.5,219.2,219.5,560,25935,5674001,
512531,"STATE TRADING CORPORATION OF I",B,STK,117.75,117.9,115.95,116.15,115.95,117.25,68,727,85055,
512559,"KOHINOOR FOODS LTD.",B,STK,24.3,25.99,24.2,24.52,24.5,24.98,157,3687,89908,
512573,"AVANTI FEEDS LTD.",A,STK,1316.65,1356.15,1283.8,1333.3,1345.6,1309.05,2544,45487,60177433,
512587,"ZODIAC-JRD-MKJ LTD.",X,STK,37.97,39.65,36.98,37.44,37.59,37.97,51,12958,482604,
512589,"SITA ENTERPRISES LTD.",X,STK,169.9,169.9,145,160.4,160.95,156.4,62,503,80010,
512591,"PULSAR INTERNATIONAL LTD.",XT,STK,0.92,0.92,0.92,0.92,0.92,0.96,620,1208794,1112090,
512597,"KEYNOTE FINANCIAL SERVICES LIM",B,STK,293,293,280,281.1,281.1,291.45,221,945,271889,
512599,"ADANI ENTERPRISES LTD.",A,STK,2170.05,2201.85,2163,2182.35,2182.35,2188.05,3452,50543,110281935,
512600,"ASTAL LABORATORIES LIMITED",X,STK,78.15,80.5,77.25,78.12,78.9,80.71,70,10818,855878,
512604,"HARIA EXPORTS LTD.",X,STK,7.75,7.86,6.81,6.82,6.82,7.15,24,9692,75388,
512608,"BHANDARI HOSIERY EXPORTS LTD.",B,STK,4.19,4.19,3.4,3.61,3.61,3.99,600,209178,755700,
512618,"RLF LTD.",X,STK,11.69,11.69,10.99,10.99,10.99,10.01,7,307,3498,
512624,"Regent Enterprises Limited",X,STK,6.08,6.24,5.85,5.93,6,6,70,222875,1329295,
512626,"ORBIT EXPORTS LTD.",B,STK,177.55,177.55,169.8,172.1,172.1,181.5,13,190,32945,
512634,"SAVERA INDUSTRIES LTD.",X,STK,151.35,151.35,149,150,150,151.35,36,1700,254992,
513005,"Chrome Silicon Limited",X,STK,41.9,43.8,41.9,43.8,43.8,42.73,10,589,24958,
513023,"NAVA LIMITED",A,STK,560.05,578.9,560.05,577.7,576,567.65,808,26131,14983135,
513043,"REMI EDELSTAHL TUBULARS LIMITE",X,STK,132.85,134.8,129.1,133.9,134.8,132.85,26,2468,330959,
513059,"G.S.AUTO INTERNATIONAL LTD.",X,STK,33.33,33.33,31.62,32.05,32.08,32.92,29,1346,43121,
513063,"TRANS-FREIGHT CONTAINERS LTD.",X,STK,21.68,22.29,20.68,22.25,22.25,21.68,8,453,9761,
513097,"SHIVALIK BIMETAL CONTROLS LTD.",B,STK,495,495,473.7,478.1,477,501.5,635,3694,1778089,
513108,"GANDHI SPECIAL TUBES LTD.",B,STK,903.9,908,885,900.4,900,905.5,65,298,267019,
513117,"AMFORGE INDUSTRIES LTD.",X,STK,6.92,6.97,6.63,6.84,6.95,6.92,64,7638,51526,
513121,"ORICON ENTERPRISES LTD.",B,STK,62.01,64.53,62.01,63.82,64.09,65.44,93,4186,266478,
513149,"ACROW INDIA LTD.",X,STK,711,740,711,715,715,732,7,43,31324,
513173,"STEEL STRIPS INFRASTRUCTURES L",X,STK,21.44,21.44,20.05,20.86,20.9,19.54,35,738,15524,
513228,"PENNAR INDUSTRIES LTD.",B,STK,148.55,150.8,141.2,141.85,142,147.8,465,33298,4773422,
513250,"JYOTI STRUCTURES LTD.",A,STK,12.42,12.74,12.27,12.39,12.39,12.41,795,449165,5597151,
513252,"JAY USHIN LTD.",X,STK,939,939,861.6,861.6,861.6,901.55,9,16,13988,
513262,"STEEL STRIPS WHEELS LTD.",B,STK,216.05,216.05,210.85,213.35,213.7,217.5,111,2032,432140,
513269,"MAN INDUSTRIES (INDIA) LTD.",B,STK,427.05,438.65,421,427.2,430,440.35,702,21861,9374824,
513295,"IMEC SERVICES LIMITED",X,STK,204,211.9,192.6,203.35,200,202.7,172,3491,698603,
513303,"MODERN STEELS LTD.",X,STK,13.5,14.08,13.2,13.5,13.5,13.51,26,5596,74915,
513307,"SYNTHIKO FOILS LTD.",XT,STK,1850,1865,1849.05,1849.05,1849.05,1946.35,36,208,384768,
513309,"Golkonda Aluminium Extrusions",X,STK,8.35,8.76,8.01,8.76,8.76,8.35,34,20973,182143,
513337,"GUJARAT TOOLROOM LTD.",B,STK,0.61,0.62,0.6,0.6,0.6,0.61,1068,3116392,1888588,
513349,"AJMERA REALTY & INFRA INDIA LT",B,STK,132.1,135,130.15,133.2,133.6,133.8,265,10670,1424444,
513353,"COCHIN MINERALS & RUTILE LTD.",X,STK,250.05,250.95,242,243.75,242,250.5,176,6687,1650694,
513361,"India Homes Limited",X,STK,15.26,15.85,14.26,15.66,15.66,15.26,882,1051170,16096367,
513369,"KRISHANVEER FORGE LIMITED",X,STK,129.55,131.95,129.55,129.55,129.55,129.55,6,54,7004,
513375,"CARBORUNDUM UNIVERSAL LTD.",A,STK,845.55,846.3,831,842.25,841.25,849.05,479,5216,4384742,
513377,"MMTC LTD.",A,STK,61.01,61.82,60.66,61.62,61.6,61.54,616,68249,4173592,
513397,"VALLABH STEELS LTD.",X,STK,12.05,12.4,12.05,12.39,12.39,11.89,18,786,9670,
513418,"SMITHS & FOUNDERS (INDIA) LIMI",X,STK,6.22,6.69,6,6,6,6.25,58,27680,167183,
513422,"BLOOM INDUSTRIES LTD.",X,STK,36,36,34.99,35.3,35.3,35,22,63,2245,
513436,"SHAH ALLOYS LTD.",B,STK,68,68,60.2,60.2,60.2,64.5,13,55,3680,
513452,"ELANGO INDUSTRIES LTD.",X,STK,8.61,8.61,8.61,8.61,8.61,8.2,1,558,4804,
513456,"KANISHK STEEL INDUSTRIES LTD.",X,STK,56.99,56.99,53.5,55.69,55.8,55.9,79,10500,575672,
513472,"SIMPLEX CASTINGS LTD.",X,STK,434,450,408,439.7,440.05,434,187,25516,11076208,
513488,"SHREE STEEL WIRE ROPES LTD.",X,STK,19.99,19.99,19.49,19.5,19.5,19.45,11,1350,26319,
513496,"SIZEMASTERS TECHNOLOGY LIMITED",XT,STK,268.95,268.95,268.95,268.95,268.95,274.4,13,311,83643,
513498,"SOUTHERN MAGNESIUM & CHEMICALS",X,STK,86.35,86.35,82.53,84.5,84.5,82.33,20,423,35850,
513502,"BARODA EXTRUSION LTD.",XT,STK,9.5,9.64,9.11,9.26,9.36,9.23,261,122880,1151185,
513507,"GUJARAT CONTAINERS LTD.",P,STK,163.95,163.95,163.95,163.95,163.95,163.95,1,300,49185,
513509,"KALYANI FORGE LTD.",B,STK,638,638,615,621.15,621.5,636.9,23,162,100838,
513511,"PANCHMAHAL STEEL LTD.",X,STK,339.7,339.7,316.2,335.25,335.25,321.95,7,23,7518,
513513,"ADITYA ISPAT LTD.",X,STK,10.05,10.05,9.12,10.01,10.01,10,16,3590,35146,
513517,"STEELCAST LTD.",B,STK,237.05,241.85,235.05,238.05,238.05,237.5,49,1124,267430,
513519,"PITTI ENGINEERING LIMITED",B,STK,885.05,899.95,885,888.7,885.7,899.85,60,513,456728,
513528,"GLITTEK GRANITES LTD.",XT,STK,69.31,69.31,69.31,69.31,69.31,66.01,69,13896,963131,
513532,"PRADEEP METALS LTD.",X,STK,342.9,344,333.85,341.1,341,340.2,206,6023,2043484,
513536,"GUJARAT NATURAL RESOURCES LIMI",X,STK,103,104,98.9,102.6,102.6,104.4,2540,104588,10628931,
513540,"TAMILNADU STEEL TUBES LTD.",P,STK,28.84,28.84,28.84,28.84,28.84,30.35,1,100,2884,
513548,"SHARDA ISPAT LTD.",X,STK,174.25,175,170.95,173.7,174.9,169.95,9,302,52463,
513554,"MAHAMAYA STEEL INDUSTRIES LTD.",T,STK,765.85,765.85,734.05,761.55,765,765,24,399,298936,
513566,"NOVA IRON & STEEL LTD.",X,STK,13.26,13.26,12.34,12.38,12.38,13,31,941,11939,
513575,"STERLING POWERGENSYS LTD",X,STK,23.1,24.59,22.4,23.25,23.89,23.19,40,4288,98848,
513579,"FOUNDRY FUEL PRODUCTS LTD.",Z,STK,5.31,5.31,5.31,5.31,5.31,5.06,2,231,1226,
513599,"HINDUSTAN COPPER LTD.",A,STK,569.75,569.75,556.25,563.4,563.4,563.4,17455,1043777,584917191,
513629,"TULSYAN NEC LTD.",X,STK,25.31,25.31,24.05,24.05,24.05,25.31,34,17719,426436,
513642,"AXEL POLYMERS LTD.",X,STK,45.8,45.8,43.15,43.5,43.5,45.8,8,650,28146,
513683,"NLC India Limited",A,STK,265.35,265.5,261.45,264.4,264.2,265.3,600,27424,7221571,
513693,"KIC METALIKS LTD.",X,STK,30.51,31,29.7,30.99,30.99,30.44,21,4954,152524,
513699,"SOLID STONE COMPANY LTD.",X,STK,30.37,30.37,26.71,28.5,28.5,28.37,10,183,5455,
513709,"SHILP GRAVURES LTD.",X,STK,171.95,183,171.95,179,179,182.6,66,421,74192,
513713,"White Organic Agro Limited",X,STK,4.02,4.02,3.75,3.9,3.9,3.93,90,20351,78528,
513721,"MFS INTERCORP LTD.",X,STK,17.99,18.1,16.4,18.1,18.1,17.25,24,6216,111245,
513729,"ARO GRANITE INDUSTRIES LTD.",B,STK,28.55,28.55,26.25,26.64,26.54,28.53,176,56454,1532850,
514010,"RUDRA ECOVATION LIMITED",X,STK,23.59,24.75,21.56,24.35,24.69,23.75,282,153703,3532990,
514028,"RAJKAMAL SYNTHETICS LTD.",X,STK,38.97,42,37,39.97,39.5,38.97,19,2035,79266,
514030,"DEEPAK SPINNERS LTD.",X,STK,123.9,123.9,120.55,122,122,121.8,28,1348,164166,
514036,"LOYAL TEXTILE MILLS LTD.",T,STK,222.1,222.1,222,222,222,233.5,2,100,22201,
514043,"HIMATSINGKA SEIDE LTD.",B,STK,105,105.2,100.5,101.15,101,106,864,32300,3322798,
514045,"BSL LTD.",B,STK,133.8,134.75,131.95,132.75,132.75,130.95,5,6,799,
514060,"NEWTRAC FOODS & BEVERAGES LIMI",X,STK,5.12,5.13,4.9,4.91,4.91,5.03,49,20148,99354,
514113,"ADINATH TEXTILES LTD.",XT,STK,22,22,22,22,22,22,1,2,44,
514128,"KONARK SYNTHETIC LTD.",Z,STK,43.9,43.9,41.98,41.98,41.98,41.99,2,3,127,
514138,"SURYALATA SPINNING MILLS LTD.",X,STK,345,350,337,347.5,349.45,350.1,49,4000,1370045,
514142,"T T LTD.",T,STK,9.99,9.99,9.52,9.56,9.56,9.56,12,1038,9916,
514162,"WELSPUN LIVING LIMITED",A,STK,138,138.3,132,134.15,135.05,139.4,2216,245702,32979325,
514165,"INDIAN ACRYLICS LTD.",X,STK,5.99,5.99,5.87,5.93,5.95,5.99,68,13944,82372,
514167,"GANESHA ECOSPHERE LTD.",A,STK,750,783.85,750,778.4,774,761.4,588,6976,5342704,
514171,"CEETA INDUSTRIES LTD.",XT,STK,46.5,47.12,44.5,46.89,46.99,44.9,69,1957,89822,
514175,"VARDHMAN POLYTEX LTD.",B,STK,6.86,7.23,6.86,7.17,7.23,7.12,104,17202,121493,
514177,"RISHAB SPECIAL YARNS LTD.",X,STK,68.85,68.85,68.85,68.85,68.85,65.58,4,145,9983,
514183,"BLACK ROSE INDUSTRIES LTD.",X,STK,83.9,83.9,81.5,82.11,82.43,82.57,320,10361,854488,
514197,"S&T CORPORATION LTD.",X,STK,4.24,4.24,4.09,4.09,4.09,4.08,26,5774,23978,
514211,"SUMEET INDUSTRIES LTD.",B,STK,23.5,23.5,22.03,22.21,22.2,23.2,74,4368,99278,
514223,"RAMGOPAL POLYTEX LTD.",XT,STK,18.41,18.41,18.13,18.14,18.14,18.5,7,533,9672,
514234,"SANGAM (INDIA) LTD.",B,STK,466,473,465.55,467.5,467.5,472.9,140,1063,496541,
514238,"MKVENTURES CAPITAL LIMITED",X,STK,929.95,930,887.3,895.75,910,891.75,51,352,318563,
514240,"Kush Industries Limited",X,STK,6.63,6.9,6.2,6.85,6.38,6.57,36,5032,32860,
514264,"SEASONS TEXTILES LTD.",X,STK,18.26,18.3,16.9,17,17,17.9,14,165,2914,
514266,"ZENITH FIBRES LTD.",X,STK,52.94,53.8,50.12,52.08,52.87,52.93,25,1932,98862,
514272,"BHILWARA SPINNERS LTD.",X,STK,111.8,117.55,105,114.8,115.05,107.3,25,8257,868843,
514274,"VARVEE GLOBAL LIMITED",B,STK,150,150,133.2,134,134.7,133.9,161,1451,196250,
514280,"SANRHEA TECHNICAL TEXTILES LTD",X,STK,140.6,148.8,140.6,148.8,148.8,149.5,2,2,289,
514286,"ASHIMA LTD.",B,STK,15.29,15.85,14.73,15.06,14.93,15.25,70,30063,452588,
514300,"PIONEER EMBROIDERIES LTD.",B,STK,28.55,28.55,26.87,26.87,26.87,27.03,8,33,906,
