DATE,SCRIP CODE,DELIVERY QTY,DELIVERY VAL,DAY'S VOLUME,DAY'S TURNOVER,DELV. PER.,SC_CODE,SC_NAME,SC_GROUP,SC_TYPE,OPEN,HIGH,LOW,CLOSE,LAST,PREVCLOSE,NO_TRADES,NO_OF_SHRS,NET_TURNOV,TDCLOINDI,Date
4022026,524804,18507,22424932,50623,60930738,36.56,524804,AUROBINDO PHARMA LTD.,A,STK,1226.15,1238.6,1166.9,1211.7,1209.0,1226.15,5217,50623,60930738,,2026-02-04
4022026,526371,3849131,330871301,5665544,484053910,67.94,526371,NMDC LTD.,A,STK,81.62,86.34,81.61,85.96,85.96,81.62,17251,5665544,484053910,,2026-02-04
4022026,530965,856406,147944137,2071545,356400539,41.34,530965,INDIAN OIL CORPORATION LTD.,A,STK,167.35,173.7,166.2,172.75,172.75,167.55,12151,2071545,356400539,,2026-02-04
4022026,532134,173274,50284115,348381,100375347,49.74,532134,BANK OF BARODA,A,STK,286.85,292.5,282.75,290.2,290.2,285.35,10387,348381,100375347,,2026-02-04
4022026,500002,11569,66524064,19897,115074404,58.14,500002,ABB INDIA LIMITED,A,STK,5581.25,5865.0,5581.25,5750.2,5739.5,5669.7,5205,19897,115074404,,2026-02-04
4022026,500034,406726,391921174,851122,818579265,47.79,500034,BAJAJ FINANCE LIMITED,A,STK,960.05,975.7,943.45,963.6,963.6,964.75,20248,851122,818579265,,2026-02-04
4022026,500049,725989,318781770,1367031,600856018,53.11,500049,BHARAT ELECTRONICS LTD.,A,STK,438.3,443.35,434.0,439.1,439.1,439.0,27907,1367031,600856018,,2026-02-04
4022026,500067,18521,34820407,27192,50359850,68.11,500067,BLUE STAR LTD.,A,STK,1816.5,1893.4,1804.6,1880.05,1883.0,1816.3,2948,27192,50359850,,2026-02-04
4022026,500087,70363,93269675,84702,112684411,83.07,500087,CIPLA LTD.,A,STK,1324.0,1335.0,1318.0,1325.55,1325.55,1322.45,2191,84702,112684411,,2026-02-04
4022026,500092,1255,5882687,2272,10709921,55.24,500092,CRISIL LTD.,A,STK,4824.4,4824.4,4661.0,4687.4,4690.0,4824.3,615,2272,10709921,,2026-02-04
4022026,500096,182230,91251673,192573,96659108,94.63,500096,DABUR INDIA LTD.,A,STK,504.1,506.0,497.0,500.75,499.0,500.45,856,192573,96659108,,2026-02-04
4022026,500103,356865,97263556,683574,185160538,52.21,500103,BHARAT HEAVY ELECTRICALS LTD.,A,STK,268.75,274.0,264.6,272.55,272.55,268.05,8845,683574,185160538,,2026-02-04
4022026,500112,197739,211205026,365016,389920130,54.17,500112,STATE BANK OF INDIA,A,STK,1058.15,1073.8,1055.9,1068.1,1068.1,1064.25,30299,365016,389920130,,2026-02-04
4022026,500113,1124791,176817146,1606470,250792205,70.02,500113,STEEL AUTHORITY OF INDIA LTD.,A,STK,154.5,158.15,154.35,157.2,157.2,154.35,7248,1606470,250792205,,2026-02-04
4022026,500114,41825,173011204,57862,239156379,72.28,500114,TITAN COMPANY LIMITED,A,STK,4080.15,4158.9,4067.65,4136.55,4132.75,4066.25,10989,57862,239156379,,2026-02-04
4022026,500116,1821545,199003792,4188490,453329763,43.49,500116,IDBI BANK LTD.,A,STK,102.28,112.28,101.4,109.25,109.25,102.28,17801,4188490,453329763,,2026-02-04
4022026,500163,5550,11337263,15664,31602340,35.43,500163,GODFREY PHILLIPS INDIA LTD.,A,STK,1976.0,2053.3,1970.0,2042.75,2042.75,1976.25,1105,15664,31602340,,2026-02-04
4022026,500164,791,799662,1708,1725181,46.31,500164,GODREJ INDUSTRIES LTD.,A,STK,999.25,1017.7,999.25,1010.95,1012.0,1005.55,227,1708,1725181,,2026-02-04
4022026,500180,894859,853203314,1139667,1086244789,78.52,500180,HDFC BANK LTD.,A,STK,949.15,957.2,948.7,953.45,953.45,948.4,22496,1139667,1086244789,,2026-02-04
4022026,500188,535899,342519846,1178935,752315636,45.46,500188,HINDUSTAN ZINC LTD.,A,STK,634.65,643.85,619.55,639.15,639.15,628.25,19631,1178935,752315636,,2026-02-04
4022026,500209,870677,1337272805,1355424,2082812845,64.24,500209,INFOSYS LTD.,A,STK,1580.35,1584.0,1510.1,1535.9,1535.9,1654.95,58455,1355424,2082812845,,2026-02-04
4022026,500247,2751331,1134098639,3002917,1239831048,91.62,500247,KOTAK MAHINDRA BANK LTD.,A,STK,412.7,418.7,410.65,412.2,412.55,415.65,18774,3002917,1239831048,,2026-02-04
4022026,500257,14704,32269399,23043,50489488,63.81,500257,LUPIN LTD.,A,STK,2205.9,2210.0,2159.05,2194.6,2195.0,2186.4,3101,23043,50489488,,2026-02-04
4022026,500271,43684,74640667,44966,76420490,97.15,500271,Max Financial Services Limited,A,STK,1674.25,1710.1,1663.65,1708.65,1708.85,1674.3,597,44966,76420490,,2026-02-04
4022026,500290,219,30154384,453,62767656,48.34,500290,MRF LTD.,A,STK,137000.0,139762.6,136000.05,137691.25,137691.25,136773.55,384,453,62767656,,2026-02-04
4022026,500295,320610,220515558,683342,470153433,46.92,500295,VEDANTA LIMITED,A,STK,681.05,693.85,677.65,687.8,687.8,675.6,13477,683342,470153433,,2026-02-04
4022026,500300,3731,10614322,6536,18613811,57.08,500300,GRASIM INDUSTRIES LTD.,A,STK,2810.35,2862.1,2808.4,2844.9,2838.05,2809.1,1737,6536,18613811,,2026-02-04
4022026,500325,438224,638317079,837314,1218149451,52.34,500325,RELIANCE INDUSTRIES LTD.,A,STK,1438.1,1464.05,1438.1,1456.6,1456.6,1437.85,36364,837314,1218149451,,2026-02-04
4022026,500331,17303,25258920,52043,75715174,33.25,500331,PIDILITE INDUSTRIES LTD.,A,STK,1454.45,1478.0,1430.1,1459.8,1463.8,1427.85,4755,52043,75715174,,2026-02-04
4022026,500368,29268,14963265,53081,26992159,55.14,500368,Patanjali Foods Limited,A,STK,507.35,512.7,500.85,511.25,510.0,506.1,1634,53081,26992159,,2026-02-04
4022026,500411,2093,6165665,4287,12575898,48.82,500411,THERMAX LTD.,A,STK,2948.45,2963.05,2884.15,2945.85,2958.2,2948.55,715,4287,12575898,,2026-02-04
4022026,500420,4020,16194972,5400,21688633,74.44,500420,TORRENT PHARMACEUTICALS LTD.,A,STK,4101.85,4101.85,3988.55,4028.6,4032.4,4046.2,585,5400,21688633,,2026-02-04
4022026,500425,71384,38322501,99665,53093374,71.62,500425,AMBUJA CEMENTS LTD.,A,STK,534.1,537.8,522.9,536.85,536.85,528.25,2566,99665,53093374,,2026-02-04
4022026,500440,59468,57330126,163817,157714019,36.3,500440,HINDALCO INDUSTRIES LTD.,A,STK,956.35,970.8,955.25,964.05,964.05,955.3,5805,163817,157714019,,2026-02-04
4022026,500469,3184095,913864699,3314370,951149083,96.07,500469,FEDERAL BANK LTD.,A,STK,285.6,288.0,282.95,287.35,287.35,285.6,6377,3314370,951149083,,2026-02-04
4022026,500477,398086,79975478,810731,164177050,49.1,500477,ASHOK LEYLAND LTD.,A,STK,201.15,205.2,199.05,200.9,200.9,199.85,9551,810731,164177050,,2026-02-04
4022026,500480,5337,22419937,10657,44517791,50.08,500480,CUMMINS INDIA LTD.,A,STK,4244.85,4244.85,4045.55,4200.85,4200.85,4166.3,2613,10657,44517791,,2026-02-04
4022026,500488,94,2549078,147,3976207,63.95,500488,ABBOTT INDIA LTD.,A,STK,26950.15,27250.0,26917.4,27117.85,27250.0,26869.65,109,147,3976207,,2026-02-04
4022026,500493,20639,32862448,44309,69842343,46.58,500493,BHARAT FORGE LTD.,A,STK,1539.2,1597.15,1534.1,1592.25,1592.25,1538.55,5543,44309,69842343,,2026-02-04
4022026,500495,3227,11614942,4604,16547156,70.09,500495,Escorts Kubota Limited,A,STK,3406.35,3638.25,3406.35,3599.3,3590.1,3608.8,649,4604,16547156,,2026-02-04
4022026,500520,126966,453751091,197309,707361386,64.35,500520,MAHINDRA & MAHINDRA LTD.,A,STK,3532.5,3619.0,3518.55,3573.8,3573.8,3527.9,22492,197309,707361386,,2026-02-04
4022026,500530,370,13576965,1068,40057604,34.64,500530,BOSCH LTD.,A,STK,37736.05,38675.8,36431.05,36694.5,36694.5,37736.05,607,1068,40057604,,2026-02-04
4022026,500550,8538,28084471,14586,48039784,58.54,500550,SIEMENS LTD.,A,STK,3239.9,3321.0,3185.1,3289.35,3289.35,3210.85,2522,14586,48039784,,2026-02-04
4022026,500575,4413,6269991,12325,17281129,35.81,500575,VOLTAS LTD.,A,STK,1367.05,1426.0,1359.45,1420.8,1426.0,1366.35,1515,12325,17281129,,2026-02-04
4022026,500696,13234,31382446,46007,109172693,28.77,500696,HINDUSTAN UNILEVER LTD.,A,STK,2350.25,2394.05,2350.25,2371.35,2371.35,2369.35,11310,46007,109172693,,2026-02-04
4022026,500790,22150,28841515,35479,46592321,62.43,500790,NESTLE INDIA LTD.,A,STK,1309.3,1327.4,1294.15,1302.1,1302.1,1309.15,2779,35479,46592321,,2026-02-04
4022026,500800,47882,55191188,56667,65685308,84.5,500800,TATA CONSUMER PRODUCTS LIMITED,A,STK,1155.4,1170.0,1146.35,1152.65,1152.65,1153.5,1613,56667,65685308,,2026-02-04
4022026,500820,19204,47098771,39521,96732671,48.59,500820,ASIAN PAINTS LTD.,A,STK,2489.95,2489.95,2414.8,2452.55,2452.55,2426.2,10886,39521,96732671,,2026-02-04
4022026,500825,920,5407300,2105,12407947,43.71,500825,BRITANNIA INDUSTRIES LTD.,A,STK,5880.5,5966.7,5860.0,5877.5,5860.0,5880.35,425,2105,12407947,,2026-02-04
4022026,500830,13991,29607755,18838,40130407,74.27,500830,COLGATE-PALMOLIVE (INDIA) LTD.,A,STK,2120.35,2159.1,2109.0,2116.2,2118.0,2138.65,1569,18838,40130407,,2026-02-04
4022026,500875,547799,171926717,911983,286073998,60.07,500875,ITC LTD.,A,STK,313.35,314.9,311.25,313.85,313.85,316.7,30096,911983,286073998,,2026-02-04
4022026,502355,53152,141881292,61057,156838233,87.05,502355,BALKRISHNA INDUSTRIES LTD.,A,STK,2494.9,2686.0,2476.9,2669.35,2669.35,2570.25,2063,61057,156838233,,2026-02-04
4022026,503100,5711,9817209,10627,18280517,53.74,503100,THE PHOENIX MILLS LTD,A,STK,1705.0,1748.0,1668.3,1719.0,1714.95,1678.75,2737,10627,18280517,,2026-02-04
4022026,503806,3084,8993561,4023,11710586,76.66,503806,SRF LTD.,A,STK,2911.35,2939.0,2885.5,2916.2,2922.8,2911.45,865,4023,11710586,,2026-02-04
4022026,505200,1808,13157359,3208,23375585,56.36,505200,EICHER MOTORS LTD.,A,STK,7215.0,7328.3,7170.75,7277.3,7252.5,7213.55,1017,3208,23375585,,2026-02-04
4022026,505790,956,3663345,2004,7730422,47.7,505790,Schaeffler India Limited,A,STK,3850.0,3928.4,3785.0,3831.95,3825.0,3878.85,595,2004,7730422,,2026-02-04
4022026,509480,8933,4288734,14490,6934312,61.65,509480,BERGER PAINTS INDIA LTD.,A,STK,478.95,484.15,473.2,480.1,479.0,480.1,1413,14490,6934312,,2026-02-04
4022026,509930,1901,7111927,4686,17370038,40.57,509930,SUPREME INDUSTRIES LTD.,A,STK,3680.15,3750.0,3645.35,3741.15,3741.15,3679.6,1278,4686,17370038,,2026-02-04
4022026,511218,104266,104140881,159289,159595457,65.46,511218,Shriram Finance Limited,A,STK,1009.9,1014.95,995.6,998.8,998.8,1000.5,8602,159289,159595457,,2026-02-04
4022026,512070,33759,25624769,74603,56427530,45.25,512070,UPL LIMITED,A,STK,734.4,764.4,734.4,759.05,755.25,739.25,3496,74603,56427530,,2026-02-04
4022026,512599,36563,81493443,127131,281948945,28.76,512599,ADANI ENTERPRISES LTD.,A,STK,2229.8,2245.0,2189.9,2228.85,2224.0,2201.7,7495,127131,281948945,,2026-02-04
4022026,517569,7101,31409144,11924,52843458,59.55,517569,KEI INDUSTRIES LTD.,A,STK,4364.95,4475.0,4308.0,4423.2,4398.65,4369.2,2509,11924,52843458,,2026-02-04
4022026,522275,13092,45947029,66766,242055368,19.61,522275,GE Vernova T&D India Limited,A,STK,3464.75,3813.95,3464.75,3509.55,3509.55,3456.3,4806,66766,242055368,,2026-02-04
4022026,523395,139,4980551,188,6691756,73.94,523395,3M INDIA LTD.,A,STK,34939.95,36142.85,34692.0,35831.3,35350.0,35020.55,113,188,6691756,,2026-02-04
4022026,523457,285,1699869,591,3527571,48.22,523457,Linde India Limited,A,STK,5993.9,6005.95,5926.0,5964.45,5983.0,5998.6,200,591,3527571,,2026-02-04
4022026,524000,19405,8153011,46518,19100888,41.72,524000,POONAWALLA FINCORP LIMITED,A,STK,409.4,422.0,403.85,420.15,422.0,409.25,2031,46518,19100888,,2026-02-04
4022026,524494,2560,3608576,5636,8047259,45.42,524494,IPCA LABORATORIES LTD.,A,STK,1433.7,1450.75,1402.0,1409.6,1409.6,1433.6,805,5636,8047259,,2026-02-04
4022026,532149,705513,113517042,894826,142116649,78.84,532149,BANK OF INDIA,A,STK,158.05,161.5,156.6,160.9,160.9,157.9,6167,894826,142116649,,2026-02-04
4022026,532155,2691446,445030597,3218548,528077315,83.62,532155,GAIL (INDIA) LTD.,A,STK,164.75,165.9,162.8,165.35,165.35,162.75,10690,3218548,528077315,,2026-02-04
4022026,532174,170606,240332673,311628,438251577,54.75,532174,ICICI BANK LTD.,A,STK,1388.0,1413.9,1388.0,1408.7,1408.7,1389.6,23512,311628,438251577,,2026-02-04
4022026,532187,15710,14468125,32737,30282787,47.99,532187,INDUSIND BANK LTD.,A,STK,922.0,932.0,916.8,920.95,920.4,922.15,1846,32737,30282787,,2026-02-04
4022026,532215,67465,90291783,175910,237013357,38.35,532215,AXIS BANK LTD.,A,STK,1360.0,1370.0,1336.5,1338.35,1338.4,1355.55,23261,175910,237013357,,2026-02-04
4022026,532259,2083,19738404,6975,66668017,29.86,532259,APAR INDUSTRIES LTD.,A,STK,9744.9,9800.0,9364.5,9475.95,9475.95,9755.9,2348,6975,66668017,,2026-02-04
4022026,532281,184758,299732904,285705,459502121,64.67,532281,HCL TECHNOLOGIES LTD.,A,STK,1649.95,1649.95,1585.2,1622.3,1622.3,1693.7,27530,285705,459502121,,2026-02-04
4022026,532286,17525,20440284,36465,42693330,48.06,532286,JINDAL STEEL LIMITED,A,STK,1151.4,1180.9,1151.4,1166.35,1166.35,1150.25,2789,36465,42693330,,2026-02-04
4022026,532296,5775,11307739,16088,31607899,35.9,532296,GLENMARK PHARMACEUTICALS LTD.,A,STK,1960.9,1992.0,1946.2,1958.05,1953.7,1955.85,1348,16088,31607899,,2026-02-04
4022026,532321,16674,15090804,27173,24624191,61.36,532321,Zydus Lifesciences Limited,A,STK,907.0,912.15,899.35,905.05,905.0,902.95,3576,27173,24624191,,2026-02-04
4022026,532343,3707,13817287,6907,25859500,53.67,532343,TVS MOTOR COMPANY LTD.,A,STK,3749.9,3774.6,3710.0,3727.35,3726.4,3724.8,1929,6907,25859500,,2026-02-04
4022026,532388,455367,15987936,693368,24254624,65.67,532388,INDIAN OVERSEAS BANK,A,STK,34.72,35.3,34.35,35.11,35.11,34.72,2059,693368,24254624,,2026-02-04
4022026,532424,24951,28854584,34983,40081677,71.32,532424,GODREJ CONSUMER PRODUCTS LTD.,A,STK,1145.15,1159.95,1140.8,1156.45,1155.1,1145.6,2821,34983,40081677,,2026-02-04
4022026,532461,116505,14405844,286067,35354889,40.73,532461,PUNJAB NATIONAL BANK,A,STK,123.2,124.5,122.65,123.65,123.65,123.85,4902,286067,35354889,,2026-02-04
4022026,532477,144840,25499082,314937,55173599,45.99,532477,UNION BANK OF INDIA,A,STK,174.95,176.9,172.0,176.05,176.2,174.35,3037,314937,55173599,,2026-02-04
4022026,532478,1727,2616665,2972,4482351,58.11,532478,UNITED BREWERIES LTD.,A,STK,1524.8,1524.8,1498.0,1515.15,1512.1,1513.2,451,2972,4482351,,2026-02-04
4022026,532483,435629,64255278,726575,106907092,59.96,532483,CANARA BANK,A,STK,148.35,148.4,146.0,147.5,147.5,147.25,5239,726575,106907092,,2026-02-04
4022026,532497,7370,20294032,16054,44936860,45.91,532497,RADICO KHAITAN LTD.,A,STK,2757.25,2846.25,2742.65,2753.6,2769.0,2769.55,1843,16054,44936860,,2026-02-04
4022026,532505,170320,4894997,352077,10072248,48.38,532505,UCO BANK,A,STK,28.46,28.87,28.31,28.74,28.74,28.45,1076,352077,10072248,,2026-02-04
4022026,532522,24783,7392769,55026,16410342,45.04,532522,PETRONET LNG LTD.,A,STK,298.25,302.2,295.45,298.3,297.45,297.1,1459,55026,16410342,,2026-02-04
4022026,532523,22008,8113250,60253,22305194,36.53,532523,BIOCON LTD.,A,STK,372.4,376.35,366.0,368.65,368.65,372.25,1904,60253,22305194,,2026-02-04
4022026,532525,498796,32601307,807342,52271155,61.78,532525,BANK OF MAHARASHTRA,A,STK,63.75,65.5,63.38,65.36,65.36,63.64,2659,807342,52271155,,2026-02-04
4022026,532538,1352,17308913,2873,36656013,47.06,532538,ULTRATECH CEMENT LTD.,A,STK,12590.0,12819.25,12581.05,12802.45,12770.0,12586.6,1086,2873,36656013,,2026-02-04
4022026,532539,3256,3919736,6632,8016984,49.1,532539,UNO Minda Limited,A,STK,1210.05,1221.85,1197.1,1203.85,1201.2,1213.4,1127,6632,8016984,,2026-02-04
4022026,532540,804058,2412013189,962707,2906505840,83.52,532540,TATA CONSULTANCY SERVICES LTD.,A,STK,3122.0,3122.0,2986.85,2999.8,2999.8,3223.7,46113,962707,2906505840,,2026-02-04
4022026,532541,53181,85839453,123715,198032587,42.99,532541,COFORGE LIMITED,A,STK,1668.85,1668.85,1564.9,1614.1,1614.1,1710.85,10422,123715,198032587,,2026-02-04
4022026,532648,3907062,84158116,6456030,138972584,60.52,532648,YES BANK LTD.,A,STK,21.32,21.63,21.27,21.54,21.54,21.32,35622,6456030,138972584,,2026-02-04
4022026,532667,3891378,193712797,7682429,380391927,50.65,532667,SUZLON ENERGY LTD.,A,STK,49.33,50.0,48.78,49.78,49.78,49.16,37085,7682429,380391927,,2026-02-04
4022026,532754,56301419,5522043176,57346933,5535144035,98.18,532754,GMR Airports Limited,A,STK,95.3,98.8,94.64,98.08,98.08,95.23,15106,57346933,5535144035,,2026-02-04
4022026,532810,405128,167905300,858644,349423869,47.18,532810,POWER FINANCE CORPORATION LTD.,A,STK,393.8,415.9,390.0,414.45,414.45,392.55,13098,858644,349423869,,2026-02-04
4022026,532814,632035,551855678,648170,565901616,97.51,532814,INDIAN BANK,A,STK,860.15,883.5,860.15,879.35,877.0,870.05,2153,648170,565901616,,2026-02-04
4022026,532827,262,9019141,486,16499288,53.91,532827,PAGE INDUSTRIES LTD.,A,STK,33750.0,34620.0,33306.3,34424.2,34470.0,33854.65,315,486,16499288,,2026-02-04
4022026,532830,10647,15989665,15305,22917329,69.57,532830,ASTRAL LIMITED,A,STK,1509.0,1509.0,1484.2,1501.8,1504.95,1504.25,2173,15305,22917329,,2026-02-04
4022026,532843,12846,11046276,22806,19651334,56.33,532843,FORTIS HEALTHCARE LTD.,A,STK,850.15,869.95,850.15,859.9,857.1,864.35,1723,22806,19651334,,2026-02-04
4022026,532955,185296,70681160,393150,148978415,47.13,532955,REC LIMITED,A,STK,372.95,382.45,369.6,381.45,381.45,372.35,5962,393150,148978415,,2026-02-04
4022026,533519,98735,28332009,250168,71778616,39.47,533519,L&T Finance Limited,A,STK,284.85,290.6,282.0,286.95,286.95,284.7,7192,250168,71778616,,2026-02-04
4022026,534816,41591,18510075,91699,40657448,45.36,534816,INDUS TOWERS LIMITED,A,STK,444.9,446.95,438.0,445.05,445.05,438.4,2851,91699,40657448,,2026-02-04
4022026,539254,58768,58059846,114004,112210619,51.55,539254,Adani Energy Solutions Limited,A,STK,968.85,1001.45,956.65,987.95,987.95,974.6,6133,114004,112210619,,2026-02-04
4022026,539437,3826510,325789062,4749295,402869782,80.57,539437,IDFC FIRST BANK LIMITED,A,STK,84.85,85.29,84.0,85.14,85.14,84.85,13757,4749295,402869782,,2026-02-04
4022026,539448,11949,59313642,33573,166036645,35.59,539448,InterGlobe Aviation Limited,A,STK,4917.2,4978.95,4890.0,4963.9,4957.0,4945.55,4071,33573,166036645,,2026-02-04
4022026,539523,348,1964687,590,3341970,58.98,539523,Alkem Laboratories Limited,A,STK,5630.15,5723.45,5630.15,5645.65,5642.0,5703.6,164,590,3341970,,2026-02-04
4022026,539551,12577,22149984,22142,38889984,56.8,539551,Narayana Hrudayalaya Limited,A,STK,1769.75,1769.75,1745.6,1761.15,1761.3,1756.1,2884,22142,38889984,,2026-02-04
4022026,540005,8392,47888109,16262,91862149,51.6,540005,LTIMindtree Limited,A,STK,5811.0,5811.0,5542.75,5706.4,5706.4,6039.15,4360,16262,91862149,,2026-02-04
4022026,540153,69510,170097921,72130,176062198,96.37,540153,Endurance Technologies Limited,A,STK,2503.8,2518.55,2423.05,2447.1,2454.5,2503.7,1100,72130,176062198,,2026-02-04
4022026,540180,1195337,531745665,1639870,725515536,72.89,540180,Varun Beverages Limited,A,STK,452.2,454.55,438.15,444.85,444.85,451.3,24166,1639870,725515536,,2026-02-04
4022026,540222,23608,23151186,56597,55552223,41.71,540222,Laurus Labs Limited,A,STK,983.95,994.55,973.0,980.65,980.65,975.9,2361,56597,55552223,,2026-02-04
4022026,540376,5264,20129273,8885,33966770,59.25,540376,Avenue Supermarts Limited,A,STK,3777.35,3849.0,3747.65,3823.95,3819.25,3776.2,1536,8885,33966770,,2026-02-04
4022026,540611,14915,14622666,23054,22616503,64.7,540611,AU Small Finance Bank Limited,A,STK,988.0,989.05,972.0,980.4,980.15,982.4,1758,23054,22616503,,2026-02-04
4022026,540678,21625,32476425,45344,68247584,47.69,540678,Cochin Shipyard Limited,A,STK,1510.0,1516.25,1495.25,1501.8,1504.0,1507.9,2420,45344,68247584,,2026-02-04
4022026,540691,2234748,769112682,2449800,843539193,91.22,540691,Aditya Birla Capital Ltd,A,STK,353.05,354.0,342.35,346.5,346.5,345.45,10403,2449800,843539193,,2026-02-04
4022026,540762,16005,42208386,31895,82155376,50.18,540762,Tube Investments of India Ltd,A,STK,2545.75,2658.7,2473.2,2637.2,2637.2,2504.55,6508,31895,82155376,,2026-02-04
4022026,541143,27047,35289574,77941,101703031,34.7,541143,Bharat Dynamics Limited,A,STK,1321.0,1321.05,1294.0,1304.75,1304.75,1317.9,4298,77941,101703031,,2026-02-04
4022026,541154,282869,1192844430,462101,1948430927,61.21,541154,Hindustan Aeronautics Limited,A,STK,4429.8,4429.8,4100.15,4216.95,4216.95,4471.95,48039,462101,1948430927,,2026-02-04
4022026,541450,223007,212793280,541943,513094596,41.15,541450,Adani Green Energy Limited,A,STK,937.4,970.95,920.8,954.2,954.2,932.25,15640,541943,513094596,,2026-02-04
4022026,542066,18595,10206796,50700,27612132,36.68,542066,ADANI TOTAL GAS LIMITED,A,STK,539.9,553.0,537.65,548.9,548.9,542.3,1603,50700,27612132,,2026-02-04
4022026,542216,2070,4427420,4362,9299339,47.46,542216,DALMIA BHARAT LIMITED,A,STK,2149.75,2149.75,2102.3,2138.85,2149.0,2111.8,1032,4362,9299339,,2026-02-04
4022026,542649,147611,47420034,342652,110013166,43.08,542649,Rail Vikas Nigam Limited,A,STK,324.4,324.4,318.85,321.25,321.25,324.45,5632,342652,110013166,,2026-02-04
4022026,542652,10921,83309211,20169,153568096,54.15,542652,Polycab India Limited,A,STK,7506.75,7665.1,7394.45,7628.35,7615.0,7506.75,4736,20169,153568096,,2026-02-04
4022026,542772,14751,17202617,22392,25822015,65.88,542772,360 ONE WAM LIMITED,A,STK,1141.35,1169.0,1137.0,1166.2,1167.0,1168.8,2375,22392,25822015,,2026-02-04
4022026,543187,2627,49999823,6194,119333974,42.41,543187,HITACHI ENERGY INDIA LIMITED,A,STK,19600.1,19864.7,18812.4,19033.05,19033.05,19704.2,2241,6194,119333974,,2026-02-04
4022026,543278,84653,32773409,184709,71435114,45.83,543278,Kalyan Jewellers India Limited,A,STK,383.95,391.45,381.5,387.15,387.15,383.85,3494,184709,71435114,,2026-02-04
4022026,543287,27369,28915349,50517,52412246,54.18,543287,Lodha Developers Limited,A,STK,1032.25,1059.7,1011.8,1056.5,1050.0,1032.3,3125,50517,52412246,,2026-02-04
4022026,543320,820336,241383868,1975518,572532427,41.53,543320,Eternal Limited,A,STK,282.0,294.9,273.15,294.25,294.25,279.65,25238,1975518,572532427,,2026-02-04
4022026,543390,2872473,4135930250,2948339,4242432407,97.43,543390,PB Fintech Limited,A,STK,1462.95,1462.95,1421.4,1439.85,1439.85,1462.25,10376,2948339,4242432407,,2026-02-04
4022026,543396,20008,24146655,49909,59969574,40.09,543396,One 97 Communications Limited,A,STK,1196.9,1215.0,1175.0,1206.85,1206.4,1197.15,2520,49909,59969574,,2026-02-04
4022026,543654,12205,13687298,17308,19264623,70.52,543654,Global Health Limited,A,STK,1124.85,1132.95,1066.0,1121.45,1127.0,1114.0,1440,17308,19264623,,2026-02-04
4022026,543904,10158,21227173,19053,40124795,53.31,543904,Mankind Pharma Limited,A,STK,2200.0,2202.7,2060.0,2089.7,2089.7,2155.9,3152,19053,40124795,,2026-02-04
4022026,543940,690890,185193065,1191284,318869971,58.0,543940,Jio Financial Services Limited,A,STK,265.0,269.9,264.2,268.05,268.05,263.95,14907,1191284,318869971,,2026-02-04
4022026,543994,40892,10889540,74898,19786087,54.6,543994,JSW Infrastructure Limited,A,STK,263.45,269.0,259.35,266.3,266.3,263.5,1778,74898,19786087,,2026-02-04
4022026,544162,6048,9733349,12171,19600245,49.69,544162,Bharti Hexacom Limited,A,STK,1669.65,1669.65,1595.05,1609.35,1614.15,1635.8,2122,12171,19600245,,2026-02-04
4022026,544238,39103,30555085,92954,72482999,42.07,544238,Premier Energies Limited,A,STK,783.1,790.75,765.45,781.4,779.05,789.75,3659,92954,72482999,,2026-02-04
4022026,544252,519947,47736335,825695,75345280,62.97,544252,Bajaj Housing Finance Limited,A,STK,91.09,92.0,90.41,91.81,91.81,91.08,7094,825695,75345280,,2026-02-04
4022026,544274,6285,13761008,14321,31377276,43.89,544274,HYUNDAI MOTOR INDIA LIMITED,A,STK,2216.6,2218.6,2167.55,2189.5,2189.5,2206.65,1739,14321,31377276,,2026-02-04
4022026,544277,37229,115521587,119091,367135660,31.26,544277,Waaree Energies Limited,A,STK,3092.05,3139.2,3007.3,3103.0,3103.0,3102.05,14603,119091,367135660,,2026-02-04
4022026,544285,75429,24216481,166624,53270312,45.27,544285,SWIGGY LIMITED,A,STK,319.0,324.0,314.0,321.05,321.6,317.55,3091,166624,53270312,,2026-02-04
4022026,544289,234320,20528776,455029,39677614,51.5,544289,NTPC GREEN ENERGY LIMITED,A,STK,86.55,87.86,86.55,87.61,87.61,86.96,4509,455029,39677614,,2026-02-04
4022026,544307,86053,10390900,176135,21281124,48.86,544307,Vishal Mega Mart Limited,A,STK,122.35,122.35,119.65,120.75,120.85,120.95,1525,176135,21281124,,2026-02-04
4022026,544325,61151,11352684,100279,18544526,60.98,544325,ITC Hotels Limited,A,STK,186.8,186.8,182.5,185.65,185.65,185.85,1548,100279,18544526,,2026-02-04
4022026,544362,36591,25258768,56154,39115223,65.16,544362,Hexaware Technologies Limited,A,STK,712.15,720.7,686.0,690.3,691.0,726.5,6154,56154,39115223,,2026-02-04
4022026,544390,22067,57502189,61080,160238253,36.13,544390,Siemens Energy India Limited,B,STK,2559.8,2664.0,2551.05,2605.8,2595.0,2531.85,5905,61080,160238253,,2026-02-04
4022026,544429,18748,13338265,30595,21772419,61.28,544429,HDB FINANCIAL SERVICES LIMITED,B,STK,715.0,718.25,706.85,711.45,711.5,715.3,1781,30595,21772419,,2026-02-04
4022026,544449,9132,5523491,15585,9410889,58.59,544449,Anthem Biosciences Limited,B,STK,614.95,614.95,595.4,604.85,606.2,607.15,1089,15585,9410889,,2026-02-04
4022026,544569,253215,116099078,616444,286176441,41.08,544569,Tata Motors Limited,B,STK,462.15,472.85,456.75,458.5,458.5,457.8,10850,616444,286176441,,2026-02-04
4022026,544574,40954,14282708,82486,28651752,49.65,544574,Tata Capital Limited,A,STK,346.0,349.7,343.0,348.75,348.1,346.05,1761,82486,28651752,,2026-02-04
4022026,544576,12969,19798476,20628,31431235,62.87,544576,LG Electronics India Limited,B,STK,1480.1,1534.45,1480.1,1526.6,1526.6,1496.6,1875,20628,31431235,,2026-02-04
4022026,544597,9684,16516547,14209,24152364,68.15,544597,Piramal Finance Limited,B,STK,1694.15,1718.85,1689.85,1705.55,1706.8,1720.05,962,14209,24152364,,2026-02-04
4022026,544600,30892,13994076,65216,29534978,47.37,544600,Lenskart Solutions Limited,B,STK,451.9,460.15,447.35,453.0,453.0,460.65,2776,65216,29534978,,2026-02-04
4022026,544609,204917,24989629,393589,48063372,52.06,544609,Physicswallah Limited,B,STK,119.55,124.2,117.7,121.95,121.8,119.55,3285,393589,48063372,,2026-02-04
4022026,544632,224603,33286165,606057,89244867,37.06,544632,Meesho Limited,B,STK,146.2,150.1,144.85,148.2,148.2,149.2,5986,606057,89244867,,2026-02-04
4022026,590071,24469,132225583,25603,138220483,95.57,590071,SUNDARAM FINANCE LTD.,B,STK,5400.0,5436.0,5328.05,5403.8,5403.8,5372.2,634,25603,138220483,,2026-02-04
4022026,890157,31750,51385788,33964,54968203,93.48,890157,Bharti Airtel  Ltd.,A,STK,1613.3,1624.0,1610.55,1618.45,1618.6,1588.8,618,33964,54968203,,2026-02-04
5022026,532174,546315,762765003,1299650,1818845148,42.04,532174,ICICI BANK LTD.,A,STK,1405.6,1411.95,1392.6,1396.2,1396.2,1408.7,41368,1299650,1818845148,,2026-02-05
5022026,532187,12673,11586291,27383,24999145,46.28,532187,INDUSIND BANK LTD.,A,STK,911.65,922.0,902.45,914.25,912.5,920.95,1422,27383,24999145,,2026-02-05
5022026,532215,74619,99291773,290597,385825033,25.68,532215,AXIS BANK LTD.,A,STK,1345.75,1345.75,1318.0,1330.65,1332.1,1338.35,25147,290597,385825033,,2026-02-05
5022026,532259,1263,12040306,2705,25773735,46.69,532259,APAR INDUSTRIES LTD.,A,STK,9475.95,9630.0,9374.5,9533.1,9478.0,9475.95,677,2705,25773735,,2026-02-05
5022026,532281,91006,146410453,158532,256175240,57.41,532281,HCL TECHNOLOGIES LTD.,A,STK,1608.6,1631.95,1600.1,1608.8,1608.8,1622.3,20973,158532,256175240,,2026-02-05
5022026,532286,10790,12704686,24904,29145943,43.33,532286,JINDAL STEEL LIMITED,A,STK,1161.25,1184.95,1151.2,1177.45,1180.0,1166.35,1776,24904,29145943,,2026-02-05
5022026,532296,6397,12617443,15276,29816039,41.88,532296,GLENMARK PHARMACEUTICALS LTD.,A,STK,1967.25,1977.1,1925.55,1972.4,1966.9,1958.05,2436,15276,29816039,,2026-02-05
5022026,532321,10155,9191291,17812,16116303,57.01,532321,Zydus Lifesciences Limited,A,STK,909.8,909.8,898.05,905.1,905.1,905.05,3151,17812,16116303,,2026-02-05
5022026,532343,5320,19756086,7727,28664950,68.85,532343,TVS MOTOR COMPANY LTD.,A,STK,3712.65,3734.85,3693.0,3713.55,3711.1,3727.35,1160,7727,28664950,,2026-02-05
5022026,532388,92466,3220591,208515,7310318,44.34,532388,INDIAN OVERSEAS BANK,A,STK,35.0,35.58,34.77,34.83,34.83,35.11,1009,208515,7310318,,2026-02-05
5022026,532424,76514,89452518,91481,106646205,83.64,532424,GODREJ CONSUMER PRODUCTS LTD.,A,STK,1159.95,1173.6,1159.25,1169.1,1169.1,1156.45,3947,91481,106646205,,2026-02-05
5022026,532461,413686,51317749,644858,80081578,64.15,532461,PUNJAB NATIONAL BANK,A,STK,123.1,124.95,123.1,124.05,124.0,123.65,9907,644858,80081578,,2026-02-05
5022026,532477,511126,90903760,687800,121996854,74.31,532477,UNION BANK OF INDIA,A,STK,176.35,179.2,175.6,177.85,177.85,176.05,3369,687800,121996854,,2026-02-05
5022026,532478,1713,2539180,3141,4675092,54.54,532478,UNITED BREWERIES LTD.,A,STK,1494.6,1502.95,1478.35,1482.3,1484.45,1515.15,420,3141,4675092,,2026-02-05
5022026,532483,425846,63110378,737895,109624874,57.71,532483,CANARA BANK,A,STK,148.15,149.55,147.55,148.2,148.2,147.5,5684,737895,109624874,,2026-02-05
5022026,532497,4453,12322565,10670,29394432,41.73,532497,RADICO KHAITAN LTD.,A,STK,2772.45,2799.55,2711.9,2767.25,2764.0,2753.6,1287,10670,29394432,,2026-02-05
5022026,532505,233421,6673507,352355,10114618,66.25,532505,UCO BANK,A,STK,28.73,28.98,28.5,28.59,28.59,28.74,1559,352355,10114618,,2026-02-05
5022026,532522,14046,4194136,35710,10664622,39.33,532522,PETRONET LNG LTD.,A,STK,298.4,300.95,297.0,298.6,297.15,298.3,825,35710,10664622,,2026-02-05
5022026,532523,25906,9525637,70379,25754774,36.81,532523,BIOCON LTD.,A,STK,367.65,368.95,363.3,367.7,367.7,368.65,1792,70379,25754774,,2026-02-05
5022026,532525,430427,27973451,846312,55359756,50.86,532525,BANK OF MAHARASHTRA,A,STK,65.46,66.0,64.67,64.99,64.99,65.36,3751,846312,55359756,,2026-02-05
5022026,532538,1118,14281724,1675,21405967,66.75,532538,ULTRATECH CEMENT LTD.,A,STK,12735.05,12820.0,12735.0,12774.35,12750.0,12802.45,734,1675,21405967,,2026-02-05
5022026,532539,28241,34746315,68821,83866991,41.04,532539,UNO Minda Limited,A,STK,1234.35,1240.5,1176.45,1230.35,1229.9,1203.85,6752,68821,83866991,,2026-02-05
5022026,532540,158432,474036466,387547,1161429924,40.88,532540,TATA CONSULTANCY SERVICES LTD.,A,STK,2998.95,3029.5,2970.35,2992.05,2992.05,2999.8,42367,387547,1161429924,,2026-02-05
5022026,532541,23395,37435510,46882,75109844,49.9,532541,COFORGE LIMITED,A,STK,1594.05,1619.95,1585.0,1600.15,1600.15,1614.1,3993,46882,75109844,,2026-02-05
5022026,532648,1626913,34783400,3932370,84228416,41.37,532648,YES BANK LTD.,A,STK,21.6,21.66,21.2,21.38,21.38,21.54,26003,3932370,84228416,,2026-02-05
5022026,532667,5398325,258363835,12208230,590060722,44.22,532667,SUZLON ENERGY LTD.,A,STK,50.0,50.04,47.1,47.86,47.86,49.78,39943,12208230,590060722,,2026-02-05
5022026,532754,174767,17015316,415414,40515010,42.07,532754,GMR Airports Limited,A,STK,98.75,98.75,96.86,97.36,97.36,98.08,4138,415414,40515010,,2026-02-05
5022026,532810,230635,95713525,575420,238869369,40.08,532810,POWER FINANCE CORPORATION LTD.,A,STK,415.05,420.75,406.2,415.0,415.0,414.45,10736,575420,238869369,,2026-02-05
5022026,532814,21454,18860212,40819,35842255,52.56,532814,INDIAN BANK,A,STK,875.05,883.0,872.15,879.1,879.0,879.35,3883,40819,35842255,,2026-02-05
5022026,532827,291,10377584,1095,38799664,26.58,532827,PAGE INDUSTRIES LTD.,A,STK,34311.7,36210.3,33903.55,35661.8,35661.8,34424.2,634,1095,38799664,,2026-02-05
5022026,532830,5630,8460764,10866,16339606,51.81,532830,ASTRAL LIMITED,A,STK,1506.05,1514.6,1494.05,1502.8,1502.8,1501.8,1277,10866,16339606,,2026-02-05
5022026,532843,10034,8602149,20002,17182775,50.16,532843,FORTIS HEALTHCARE LTD.,A,STK,852.6,871.45,850.2,857.3,858.45,859.9,1510,20002,17182775,,2026-02-05
5022026,532955,215106,82192003,507433,194219600,42.39,532955,REC LIMITED,A,STK,383.35,386.55,378.8,382.1,382.1,381.45,6807,507433,194219600,,2026-02-05
5022026,533519,288103,81662796,410986,115279886,70.1,533519,L&T Finance Limited,A,STK,286.5,286.55,278.55,283.45,283.15,286.95,4866,410986,115279886,,2026-02-05
5022026,534816,158268,70065244,229867,101741290,68.85,534816,INDUS TOWERS LIMITED,A,STK,446.05,446.05,439.0,442.7,440.9,445.05,15910,229867,101741290,,2026-02-05
5022026,500002,2259,13032171,6028,34724511,37.48,500002,ABB INDIA LIMITED,A,STK,5740.2,5840.0,5663.5,5769.0,5750.85,5750.2,2161,6028,34724511,,2026-02-05
5022026,500034,104936,101231760,287356,276826833,36.52,500034,BAJAJ FINANCE LIMITED,A,STK,965.0,968.4,953.0,964.7,964.7,963.6,10458,287356,276826833,,2026-02-05
5022026,500049,190263,82355340,504075,217969331,37.74,500049,BHARAT ELECTRONICS LTD.,A,STK,440.45,440.45,428.1,432.85,432.85,439.1,18953,504075,217969331,,2026-02-05
5022026,500067,79984,148462302,85591,159300000,93.45,500067,BLUE STAR LTD.,A,STK,1884.8,1888.0,1842.0,1856.15,1860.55,1880.05,1735,85591,159300000,,2026-02-05
5022026,500087,17962,23937958,26325,35028402,68.23,500087,CIPLA LTD.,A,STK,1335.55,1335.9,1320.75,1332.7,1332.8,1325.55,1662,26325,35028402,,2026-02-05
5022026,500092,416,1933090,963,4491885,43.2,500092,CRISIL LTD.,A,STK,4609.05,4725.5,4609.05,4646.85,4620.0,4687.4,320,963,4491885,,2026-02-05
5022026,500096,9826,4954270,22471,11343187,43.73,500096,DABUR INDIA LTD.,A,STK,500.05,507.35,500.0,504.2,503.6,500.75,626,22471,11343187,,2026-02-05
5022026,500103,68664,18456884,194660,52559049,35.27,500103,BHARAT HEAVY ELECTRICALS LTD.,A,STK,272.55,273.5,267.75,268.8,268.8,272.55,3015,194660,52559049,,2026-02-05
5022026,500112,622361,668042298,1205425,1295530841,51.63,500112,STATE BANK OF INDIA,A,STK,1068.1,1081.3,1067.4,1073.4,1073.4,1068.1,36073,1205425,1295530841,,2026-02-05
5022026,500113,1327497,209611777,1752353,273772292,75.76,500113,STEEL AUTHORITY OF INDIA LTD.,A,STK,156.75,159.5,152.15,157.9,157.9,157.2,7972,1752353,273772292,,2026-02-05
5022026,500114,15781,64672906,30802,125987585,51.23,500114,TITAN COMPANY LIMITED,A,STK,4144.95,4149.0,4064.85,4098.15,4101.65,4136.55,11343,30802,125987585,,2026-02-05
5022026,500116,1577516,162405273,4430661,476526908,35.6,500116,IDBI BANK LTD.,A,STK,109.66,113.42,101.01,102.95,102.95,109.25,20133,4430661,476526908,,2026-02-05
5022026,500163,4197,8318664,9434,18829272,44.49,500163,GODFREY PHILLIPS INDIA LTD.,A,STK,2044.1,2044.15,1970.55,1982.05,1984.3,2042.75,953,9434,18829272,,2026-02-05
5022026,500164,736,735044,1511,1518521,48.71,500164,GODREJ INDUSTRIES LTD.,A,STK,1005.5,1025.0,990.4,998.7,1000.0,1010.95,276,1511,1518521,,2026-02-05
5022026,500180,3006169,2854357466,4034302,3833340371,74.52,500180,HDFC BANK LTD.,A,STK,953.5,955.95,947.0,949.5,949.5,953.45,27914,4034302,3833340371,,2026-02-05
5022026,500188,264727,161682016,750190,453793666,35.29,500188,HINDUSTAN ZINC LTD.,A,STK,600.7,612.6,594.05,610.75,610.75,639.15,16204,750190,453793666,,2026-02-05
5022026,500209,281878,428398185,642619,982613301,43.86,500209,INFOSYS LTD.,A,STK,1530.0,1551.0,1515.75,1519.8,1519.8,1535.9,51810,642619,982613301,,2026-02-05
5022026,500247,6446179,2634231049,7346153,2984455967,87.75,500247,KOTAK MAHINDRA BANK LTD.,A,STK,411.7,413.75,404.0,408.65,411.5,412.2,25026,7346153,2984455967,,2026-02-05
5022026,500257,9046,20058601,17963,39888461,50.36,500257,LUPIN LTD.,A,STK,2201.35,2243.9,2198.3,2217.4,2220.15,2194.6,3347,17963,39888461,,2026-02-05
5022026,500271,702817,1193734675,704847,1202757191,99.71,500271,Max Financial Services Limited,A,STK,1680.65,1713.55,1680.65,1698.5,1695.4,1708.65,420,704847,1202757191,,2026-02-05
5022026,500290,192,25907242,344,46672194,55.81,500290,MRF LTD.,A,STK,139298.85,139298.85,134546.25,134933.55,134876.35,137691.25,313,344,46672194,,2026-02-05
5022026,500295,571038,374201202,1254548,820275819,45.52,500295,VEDANTA LIMITED,A,STK,666.9,666.9,644.25,655.3,655.3,687.8,31046,1254548,820275819,,2026-02-05
5022026,500300,3827,10969522,7066,20140250,54.16,500300,GRASIM INDUSTRIES LTD.,A,STK,2838.05,2879.55,2825.9,2866.35,2866.35,2844.9,1797,7066,20140250,,2026-02-05
5022026,500325,280776,405272079,1560195,2252364635,18.0,500325,RELIANCE INDUSTRIES LTD.,A,STK,1457.0,1460.9,1439.65,1443.4,1443.4,1456.6,35087,1560195,2252364635,,2026-02-05
5022026,500331,7559,11104171,17281,25442932,43.74,500331,PIDILITE INDUSTRIES LTD.,A,STK,1463.8,1482.3,1458.35,1469.0,1469.0,1459.8,2274,17281,25442932,,2026-02-05
5022026,500368,129192,66669532,231245,118936504,55.87,500368,Patanjali Foods Limited,A,STK,511.0,517.55,501.0,516.05,516.05,511.25,2286,231245,118936504,,2026-02-05
5022026,500411,1598,4641791,2762,8075187,57.86,500411,THERMAX LTD.,A,STK,2955.05,2955.05,2899.0,2904.75,2917.7,2945.85,742,2762,8075187,,2026-02-05
5022026,500420,2026,8049400,3155,12543240,64.22,500420,TORRENT PHARMACEUTICALS LTD.,A,STK,4033.0,4033.0,3940.0,3973.05,3973.05,4028.6,1300,3155,12543240,,2026-02-05
5022026,500425,11925,6356622,26093,13878778,45.7,500425,AMBUJA CEMENTS LTD.,A,STK,536.85,536.85,528.2,533.05,532.45,536.85,1012,26093,13878778,,2026-02-05
5022026,500440,137308,128369250,208191,194470912,65.95,500440,HINDALCO INDUSTRIES LTD.,A,STK,948.9,948.9,924.35,934.9,934.9,964.05,7727,208191,194470912,,2026-02-05
5022026,500469,37625,10819069,114223,32821611,32.94,500469,FEDERAL BANK LTD.,A,STK,287.6,289.2,285.6,287.55,287.0,287.35,3120,114223,32821611,,2026-02-05
5022026,500477,3960249,798584211,4212250,848763216,94.02,500477,ASHOK LEYLAND LTD.,A,STK,201.6,202.85,200.0,201.65,201.65,200.9,4534,4212250,848763216,,2026-02-05
5022026,500480,14025,61583775,40648,174332634,34.5,500480,CUMMINS INDIA LTD.,A,STK,4100.8,4420.6,4026.7,4391.0,4391.0,4200.85,11853,40648,174332634,,2026-02-05
5022026,500488,93,2532874,168,4548659,55.36,500488,ABBOTT INDIA LTD.,A,STK,27027.0,27263.15,26881.6,27235.2,27263.15,27117.85,141,168,4548659,,2026-02-05
5022026,500493,40458,63648526,64978,102426261,62.26,500493,BHARAT FORGE LTD.,A,STK,1599.95,1599.95,1562.0,1573.2,1573.2,1592.25,5255,64978,102426261,,2026-02-05
5022026,500495,3580,13298447,5691,20946031,62.91,500495,Escorts Kubota Limited,A,STK,3629.75,3723.8,3570.0,3714.65,3714.65,3599.3,1116,5691,20946031,,2026-02-05
5022026,500520,12769,45603207,35607,126942458,35.86,500520,MAHINDRA & MAHINDRA LTD.,A,STK,3606.0,3606.0,3528.15,3571.4,3570.55,3573.8,12106,35607,126942458,,2026-02-05
5022026,500530,82,2974058,186,6770487,44.09,500530,BOSCH LTD.,A,STK,37446.4,37446.4,36155.45,36269.0,36250.5,36694.5,136,186,6770487,,2026-02-05
5022026,500550,3112,10267889,7185,23645319,43.31,500550,SIEMENS LTD.,A,STK,3300.05,3323.05,3248.95,3299.45,3301.0,3289.35,1448,7185,23645319,,2026-02-05
5022026,500575,10669,15242267,18819,26784322,56.69,500575,VOLTAS LTD.,A,STK,1429.0,1433.95,1404.3,1428.65,1427.1,1420.8,1668,18819,26784322,,2026-02-05
5022026,500696,25540,60121160,65747,157050936,38.85,500696,HINDUSTAN UNILEVER LTD.,A,STK,2355.05,2423.85,2351.3,2354.0,2354.0,2371.35,13677,65747,157050936,,2026-02-05
5022026,500790,7944,10354607,15125,19688031,52.52,500790,NESTLE INDIA LTD.,A,STK,1300.65,1310.85,1290.0,1303.45,1303.45,1302.1,1302,15125,19688031,,2026-02-05
5022026,500800,3657,4225481,9460,10907893,38.66,500800,TATA CONSUMER PRODUCTS LIMITED,A,STK,1150.9,1163.65,1145.75,1155.45,1155.45,1152.65,774,9460,10907893,,2026-02-05
5022026,500820,6581,16005651,21874,53015820,30.09,500820,ASIAN PAINTS LTD.,A,STK,2448.9,2454.4,2402.45,2432.1,2431.75,2452.55,10507,21874,53015820,,2026-02-05
5022026,500825,22173,130008060,23697,139083080,93.57,500825,BRITANNIA INDUSTRIES LTD.,A,STK,5801.75,5943.35,5801.75,5863.35,5877.8,5877.5,2423,23697,139083080,,2026-02-05
5022026,500830,4030,8518211,8168,17412960,49.34,500830,COLGATE-PALMOLIVE (INDIA) LTD.,A,STK,2116.3,2153.35,2110.1,2113.7,2112.0,2116.2,1114,8168,17412960,,2026-02-05
5022026,500875,633462,196531586,1451148,451182985,43.65,500875,ITC LTD.,A,STK,313.85,315.25,309.15,310.25,310.25,313.85,40783,1451148,451182985,,2026-02-05
5022026,502355,9675,25982697,19670,52633802,49.19,502355,BALKRISHNA INDUSTRIES LTD.,A,STK,2636.2,2742.0,2571.5,2685.55,2685.55,2669.35,3480,19670,52633802,,2026-02-05
5022026,503100,11482,19629628,13309,22763752,86.27,503100,THE PHOENIX MILLS LTD,A,STK,1714.95,1734.4,1684.7,1709.6,1705.85,1719.0,1292,13309,22763752,,2026-02-05
5022026,503806,2694,7826744,3416,9916861,78.86,503806,SRF LTD.,A,STK,2964.95,2964.95,2886.4,2905.25,2905.25,2916.2,447,3416,9916861,,2026-02-05
5022026,505200,887,6393896,2267,16348093,39.13,505200,EICHER MOTORS LTD.,A,STK,7280.65,7304.95,7179.85,7208.45,7202.5,7277.3,926,2267,16348093,,2026-02-05
5022026,505790,277,1056797,851,3216522,32.55,505790,Schaeffler India Limited,A,STK,3821.65,3847.75,3722.0,3815.15,3802.0,3831.95,271,851,3216522,,2026-02-05
5022026,509480,11835,5590263,17070,8089752,69.33,509480,BERGER PAINTS INDIA LTD.,A,STK,489.35,489.35,470.5,472.35,472.35,480.1,1189,17070,8089752,,2026-02-05
5022026,509930,32284,120763145,34426,128126746,93.78,509930,SUPREME INDUSTRIES LTD.,A,STK,3701.35,3758.1,3692.75,3740.65,3737.1,3741.15,1163,34426,128126746,,2026-02-05
5022026,511218,39692,39356603,73998,72955741,53.64,511218,Shriram Finance Limited,A,STK,995.0,995.85,972.5,991.55,991.1,998.8,3145,73998,72955741,,2026-02-05
5022026,512070,15079,11276831,28332,21113331,53.22,512070,UPL LIMITED,A,STK,761.0,761.15,735.55,747.85,747.85,759.05,1680,28332,21113331,,2026-02-05
5022026,512599,45413,101559363,91972,204611341,49.38,512599,ADANI ENTERPRISES LTD.,A,STK,2229.05,2241.0,2210.0,2236.35,2236.35,2228.85,5411,91972,204611341,,2026-02-05
5022026,517569,17509,77812623,20777,90821648,84.27,517569,KEI INDUSTRIES LTD.,A,STK,4379.7,4460.0,4348.8,4444.15,4437.5,4423.2,1795,20777,90821648,,2026-02-05
5022026,522275,7529,26468953,16326,57056697,46.12,522275,GE Vernova T&D India Limited,A,STK,3546.3,3565.0,3390.0,3515.6,3515.6,3509.55,2353,16326,57056697,,2026-02-05
5022026,523395,59,2089539,91,3224947,64.84,523395,3M INDIA LTD.,A,STK,35351.0,35778.8,35190.0,35415.9,35190.0,35831.3,77,91,3224947,,2026-02-05
5022026,523457,405,2418357,569,3401892,71.18,523457,Linde India Limited,A,STK,5956.55,6007.45,5910.05,5971.25,5975.0,5964.45,272,569,3401892,,2026-02-05
5022026,524000,16164,6611885,43222,17490242,37.4,524000,POONAWALLA FINCORP LIMITED,A,STK,421.35,421.35,396.05,409.05,409.05,420.15,1747,43222,17490242,,2026-02-05
5022026,524494,7372,10649960,12715,18154899,57.98,524494,IPCA LABORATORIES LTD.,A,STK,1407.75,1451.9,1392.5,1444.65,1442.0,1409.6,1242,12715,18154899,,2026-02-05
5022026,524804,7348,8689010,14132,16788244,52.0,524804,AUROBINDO PHARMA LTD.,A,STK,1225.25,1225.25,1178.0,1182.5,1182.5,1211.7,1569,14132,16788244,,2026-02-05
5022026,526371,801994,67856713,1930564,162889055,41.54,526371,NMDC LTD.,A,STK,86.2,86.2,83.41,84.61,84.61,85.96,9253,1930564,162889055,,2026-02-05
5022026,530965,674817,118599088,2419188,423800080,27.89,530965,INDIAN OIL CORPORATION LTD.,A,STK,174.35,178.0,172.4,175.75,175.75,172.75,15579,2419188,423800080,,2026-02-05
5022026,532134,89782,26072693,161201,46897939,55.7,532134,BANK OF BARODA,A,STK,291.05,293.1,289.0,290.4,290.55,290.2,2457,161201,46897939,,2026-02-05
5022026,532149,115053,18799661,328282,53575797,35.05,532149,BANK OF INDIA,A,STK,161.0,164.85,160.9,163.4,162.9,160.9,3406,328282,53575797,,2026-02-05
5022026,532155,295151,47268433,549355,88112514,53.73,532155,GAIL (INDIA) LTD.,A,STK,162.3,162.3,159.45,160.15,160.15,165.35,6796,549355,88112514,,2026-02-05
5022026,539254,20624,20864270,58193,58139517,35.44,539254,Adani Energy Solutions Limited,A,STK,979.6,1016.45,979.55,1011.65,1010.95,987.95,3486,58193,58139517,,2026-02-05
5022026,539437,1661187,141948430,2343084,200146214,70.9,539437,IDFC FIRST BANK LIMITED,A,STK,84.81,85.75,84.68,85.45,85.45,85.14,11635,2343084,200146214,,2026-02-05
5022026,539448,21608,106612792,53658,261157121,40.27,539448,InterGlobe Aviation Limited,A,STK,4835.15,4939.7,4782.45,4933.95,4933.95,4963.9,6824,53658,261157121,,2026-02-05
5022026,539523,168,951208,306,1730030,54.9,539523,Alkem Laboratories Limited,A,STK,5541.5,5690.8,5541.5,5661.95,5652.0,5645.65,124,306,1730030,,2026-02-05
5022026,539551,10457,18113093,16433,28510706,63.63,539551,Narayana Hrudayalaya Limited,A,STK,1761.3,1761.3,1725.0,1732.15,1732.15,1761.15,2485,16433,28510706,,2026-02-05
5022026,540005,7095,40335785,11280,64172257,62.9,540005,LTIMindtree Limited,A,STK,5706.4,5742.9,5619.0,5685.1,5679.4,5706.4,1715,11280,64172257,,2026-02-05
5022026,540153,86703,212431021,89121,218273949,97.29,540153,Endurance Technologies Limited,A,STK,2432.0,2466.9,2396.7,2450.1,2453.1,2447.1,1110,89121,218273949,,2026-02-05
5022026,540180,134033,58585825,235180,103647913,56.99,540180,Varun Beverages Limited,A,STK,448.55,448.55,436.2,437.1,437.1,444.85,5767,235180,103647913,,2026-02-05
5022026,540222,132469,127812715,161342,155594468,82.1,540222,Laurus Labs Limited,A,STK,994.75,994.75,956.8,964.85,964.85,980.65,3872,161342,155594468,,2026-02-05
5022026,540376,9068,35707517,17913,69998815,50.62,540376,Avenue Supermarts Limited,A,STK,3822.45,3950.95,3822.45,3937.75,3937.75,3823.95,3129,17913,69998815,,2026-02-05
5022026,540611,76927,75853869,82256,80855076,93.52,540611,AU Small Finance Bank Limited,A,STK,980.5,989.6,974.1,986.05,983.05,980.4,769,82256,80855076,,2026-02-05
5022026,540678,16795,24903626,33737,50097385,49.78,540678,Cochin Shipyard Limited,A,STK,1500.65,1503.9,1477.0,1482.8,1482.8,1501.8,2185,33737,50097385,,2026-02-05
5022026,540691,68640,23653344,174344,59278260,39.37,540691,Aditya Birla Capital Ltd,A,STK,346.55,346.6,335.05,344.6,345.25,346.5,4806,174344,59278260,,2026-02-05
5022026,540762,58721,139802957,114386,274035934,51.34,540762,Tube Investments of India Ltd,A,STK,2668.3,2668.3,2358.35,2380.8,2380.8,2637.2,9848,114386,274035934,,2026-02-05
5022026,541143,61667,78483591,143557,181749520,42.96,541143,Bharat Dynamics Limited,A,STK,1301.55,1301.6,1250.5,1272.7,1272.7,1304.75,9766,143557,181749520,,2026-02-05
5022026,541154,220882,891225738,405262,1622885611,54.5,541154,Hindustan Aeronautics Limited,A,STK,4139.95,4139.95,3952.0,4034.85,4034.85,4216.95,31823,405262,1622885611,,2026-02-05
5022026,541450,96737,93602722,226718,218365249,42.67,541450,Adani Green Energy Limited,A,STK,955.0,971.7,952.85,967.6,967.6,954.2,6733,226718,218365249,,2026-02-05
5022026,542066,23983,13079130,54080,29637237,44.35,542066,ADANI TOTAL GAS LIMITED,A,STK,549.3,552.85,543.15,545.35,543.15,548.9,2071,54080,29637237,,2026-02-05
5022026,542216,1603,3450859,2388,5103082,67.13,542216,DALMIA BHARAT LIMITED,A,STK,2066.0,2157.4,2066.0,2152.75,2150.8,2138.85,348,2388,5103082,,2026-02-05
5022026,542649,246059,77926886,555302,176711909,44.31,542649,Rail Vikas Nigam Limited,A,STK,321.25,324.0,315.95,316.7,316.7,321.25,9338,555302,176711909,,2026-02-05
5022026,542652,1812,13658313,4086,30815556,44.35,542652,Polycab India Limited,A,STK,7663.2,7663.2,7506.0,7537.7,7527.5,7628.35,1294,4086,30815556,,2026-02-05
5022026,542772,32065,36574943,35425,40282307,90.52,542772,360 ONE WAM LIMITED,A,STK,1160.75,1169.0,1132.0,1140.65,1140.65,1166.2,715,35425,40282307,,2026-02-05
5022026,543187,1384,26564635,4046,76938454,34.21,543187,HITACHI ENERGY INDIA LIMITED,A,STK,19242.85,19299.0,18730.15,19194.1,19214.0,19033.05,1275,4046,76938454,,2026-02-05
5022026,543278,95158,35798440,211871,80042618,44.91,543278,Kalyan Jewellers India Limited,A,STK,387.25,388.15,371.5,376.2,376.2,387.15,3819,211871,80042618,,2026-02-05
5022026,543287,248938,261360007,257006,269465611,96.86,543287,Lodha Developers Limited,A,STK,1056.4,1056.4,1033.75,1049.9,1049.9,1056.5,1504,257006,269465611,,2026-02-05
5022026,543320,582966,167252946,2181626,628130470,26.72,543320,Eternal Limited,A,STK,293.7,294.8,284.65,286.9,286.9,294.25,26625,2181626,628130470,,2026-02-05
5022026,543390,3036807,4713731826,3393870,5177654492,89.48,543390,PB Fintech Limited,A,STK,1439.85,1583.8,1412.15,1552.2,1552.2,1439.85,29852,3393870,5177654492,,2026-02-05
5022026,543396,34073,41318624,61132,73849636,55.74,543396,One 97 Communications Limited,A,STK,1207.0,1219.2,1194.6,1212.65,1212.65,1206.85,3012,61132,73849636,,2026-02-05
5022026,543654,4998,5533286,9652,10612846,51.78,543654,Global Health Limited,A,STK,1090.0,1122.8,1079.8,1107.1,1107.1,1121.45,836,9652,10612846,,2026-02-05
5022026,543904,6129,12763949,9395,19585727,65.24,543904,Mankind Pharma Limited,A,STK,2089.75,2100.9,2075.0,2082.55,2084.65,2089.7,1382,9395,19585727,,2026-02-05
5022026,543940,681975,184099152,1294758,348791434,52.67,543940,Jio Financial Services Limited,A,STK,268.65,271.75,267.1,269.95,269.95,268.05,13022,1294758,348791434,,2026-02-05
5022026,543994,23013,6052419,39013,10302644,58.99,543994,JSW Infrastructure Limited,A,STK,266.55,266.55,262.25,263.0,263.0,266.3,1148,39013,10302644,,2026-02-05
5022026,544162,1508,2454647,3812,6203333,39.56,544162,Bharti Hexacom Limited,A,STK,1601.25,1655.0,1586.0,1627.75,1643.75,1609.35,499,3812,6203333,,2026-02-05
5022026,544238,8888,7010855,26364,20565738,33.71,544238,Premier Energies Limited,A,STK,782.85,793.3,768.0,788.8,788.8,781.4,1538,26364,20565738,,2026-02-05
5022026,544252,159824,14567958,281364,25723246,56.8,544252,Bajaj Housing Finance Limited,A,STK,91.75,91.84,90.59,91.15,91.15,91.81,2348,281364,25723246,,2026-02-05
5022026,544274,8402,18177727,13982,30222786,60.09,544274,HYUNDAI MOTOR INDIA LIMITED,A,STK,2189.8,2189.8,2150.0,2163.5,2163.5,2189.5,1642,13982,30222786,,2026-02-05
5022026,544277,18618,57188911,50979,157027136,36.52,544277,Waaree Energies Limited,A,STK,3095.0,3129.2,3050.0,3071.7,3071.7,3103.0,5844,50979,157027136,,2026-02-05
5022026,544285,71234,22898170,191347,61208860,37.23,544285,SWIGGY LIMITED,A,STK,319.6,324.6,314.3,321.45,321.45,321.05,2670,191347,61208860,,2026-02-05
5022026,544289,181027,15635302,305818,26555271,59.19,544289,NTPC GREEN ENERGY LIMITED,A,STK,87.65,87.87,86.2,86.37,86.37,87.61,4386,305818,26555271,,2026-02-05
5022026,544307,232421,28599405,405338,49617310,57.34,544307,Vishal Mega Mart Limited,A,STK,120.55,124.4,119.75,123.05,123.05,120.75,7247,405338,49617310,,2026-02-05
5022026,544325,326423,59719088,340557,62510216,95.85,544325,ITC Hotels Limited,A,STK,185.65,185.65,182.55,182.95,182.9,185.65,1146,340557,62510216,,2026-02-05
5022026,544362,277150,177445288,423038,270139662,65.51,544362,Hexaware Technologies Limited,A,STK,674.75,674.75,621.0,640.25,640.25,690.3,9550,423038,270139662,,2026-02-05
5022026,544390,5605,14551701,10851,28093289,51.65,544390,Siemens Energy India Limited,B,STK,2561.45,2615.0,2556.45,2596.2,2594.45,2605.8,1415,10851,28093289,,2026-02-05
5022026,544429,26196,18345059,43785,30781083,59.83,544429,HDB FINANCIAL SERVICES LIMITED,B,STK,711.25,711.9,698.35,700.3,700.3,711.45,2283,43785,30781083,,2026-02-05
5022026,544449,78592,49953076,100399,61225168,78.28,544449,Anthem Biosciences Limited,B,STK,614.0,638.6,597.0,635.6,634.3,604.85,2018,100399,61225168,,2026-02-05
5022026,544569,314746,143476965,657850,301708755,47.84,544569,Tata Motors Limited,B,STK,461.25,465.5,454.0,455.85,455.85,458.5,15274,657850,301708755,,2026-02-05
5022026,544574,24358,8431522,54884,18960691,44.38,544574,Tata Capital Limited,A,STK,348.1,348.6,342.5,346.15,346.15,348.75,2771,54884,18960691,,2026-02-05
5022026,544576,13952,21173556,24546,37106633,56.84,544576,LG Electronics India Limited,B,STK,1526.6,1526.6,1493.0,1517.6,1517.6,1526.6,2275,24546,37106633,,2026-02-05
5022026,544597,5349,9036066,11422,19371549,46.83,544597,Piramal Finance Limited,B,STK,1681.35,1725.75,1680.35,1689.3,1683.0,1705.55,1522,11422,19371549,,2026-02-05
5022026,544600,20006,8943683,41873,18718850,47.78,544600,Lenskart Solutions Limited,B,STK,449.25,453.5,440.9,447.05,447.9,453.0,2000,41873,18718850,,2026-02-05
5022026,544609,299717,36475559,626744,77714071,47.82,544609,Physicswallah Limited,B,STK,123.2,126.9,120.6,121.7,121.7,121.95,6042,626744,77714071,,2026-02-05
5022026,544632,346031,52389094,628115,95843369,55.09,544632,Meesho Limited,B,STK,149.25,154.7,149.25,151.4,151.4,148.2,5610,628115,95843369,,2026-02-05
5022026,590071,33480,177961266,33913,183044859,98.72,590071,SUNDARAM FINANCE LTD.,B,STK,5258.05,5409.05,5258.05,5315.45,5315.45,5403.8,475,33913,183044859,,2026-02-05
5022026,890157,19950,31604790,21293,34174824,93.69,890157,Bharti Airtel  Ltd.,A,STK,1610.5,1614.95,1570.0,1584.2,1573.6,1618.45,364,21293,34174824,,2026-02-05
6022026,524804,4386,5224384,11909,14014755,36.83,524804,AUROBINDO PHARMA LTD.,A,STK,1174.75,1195.0,1166.4,1191.15,1195.0,1182.5,1333,11909,14014755,,2026-02-06
6022026,526371,840383,70634192,2007083,168874634,41.87,526371,NMDC LTD.,A,STK,84.28,85.32,83.11,84.05,84.05,84.61,7228,2007083,168874634,,2026-02-06
6022026,530965,870360,152400036,2489574,439913947,34.96,530965,INDIAN OIL CORPORATION LTD.,A,STK,177.0,181.0,172.85,175.1,175.1,175.75,13295,2489574,439913947,,2026-02-06
6022026,532134,48317,13970861,130430,37499775,37.04,532134,BANK OF BARODA,A,STK,290.4,291.15,284.8,289.15,289.15,290.4,2065,130430,37499775,,2026-02-06
6022026,532149,478150,78225340,642231,104245173,74.45,532149,BANK OF INDIA,A,STK,163.7,164.8,160.85,163.6,163.6,163.4,5127,642231,104245173,,2026-02-06
6022026,532155,1113772,181600525,1270131,203550649,87.69,532155,GAIL (INDIA) LTD.,A,STK,160.1,163.6,159.0,163.05,163.05,160.15,2792,1270131,203550649,,2026-02-06
6022026,532174,92835,130586353,124906,175040836,74.32,532174,ICICI BANK LTD.,A,STK,1396.3,1409.9,1394.75,1406.65,1406.65,1396.2,3913,124906,175040836,,2026-02-06
6022026,500002,2201,12791772,6342,36704854,34.71,500002,ABB INDIA LIMITED,A,STK,5770.0,5846.95,5726.75,5811.8,5811.8,5769.0,2537,6342,36704854,,2026-02-06
6022026,500034,455586,447225997,633681,619767442,71.9,500034,BAJAJ FINANCE LIMITED,A,STK,974.0,986.5,966.25,981.65,981.65,964.7,12347,633681,619767442,,2026-02-06
6022026,500049,154107,66196662,479989,205702175,32.11,500049,BHARAT ELECTRONICS LTD.,A,STK,433.05,433.2,425.7,429.55,429.55,432.85,6757,479989,205702175,,2026-02-06
6022026,500067,2614,4917980,6209,11528215,42.1,500067,BLUE STAR LTD.,A,STK,1856.6,1885.15,1834.1,1881.4,1875.0,1856.15,893,6209,11528215,,2026-02-06
6022026,500087,59302,78919102,74654,99320285,79.44,500087,CIPLA LTD.,A,STK,1329.65,1333.55,1316.9,1330.8,1330.8,1332.7,2551,74654,99320285,,2026-02-06
6022026,500092,1130,5373320,2307,10872153,48.98,500092,CRISIL LTD.,A,STK,4646.85,4761.95,4595.1,4755.15,4738.0,4646.85,736,2307,10872153,,2026-02-06
6022026,500096,126310,64222320,137599,69465141,91.8,500096,DABUR INDIA LTD.,A,STK,501.05,509.2,498.6,508.45,508.0,504.2,1201,137599,69465141,,2026-02-06
6022026,500103,80350,21421310,205227,54516370,39.15,500103,BHARAT HEAVY ELECTRICALS LTD.,A,STK,268.75,269.1,263.0,266.6,266.65,268.8,2349,205227,54516370,,2026-02-06
6022026,500112,94582,100862245,225015,238788203,42.03,500112,STATE BANK OF INDIA,A,STK,1071.0,1073.6,1051.0,1066.4,1066.4,1073.4,9866,225015,238788203,,2026-02-06
6022026,500113,4294882,688899073,4951395,792377585,86.74,500113,STEEL AUTHORITY OF INDIA LTD.,A,STK,158.7,161.25,156.5,160.4,160.4,157.9,6869,4951395,792377585,,2026-02-06
6022026,500114,25293,104758548,38172,157281872,66.26,500114,TITAN COMPANY LIMITED,A,STK,4098.15,4154.0,4065.0,4141.8,4135.0,4098.15,4444,38172,157281872,,2026-02-06
6022026,500116,453876,48528422,1614445,170122762,28.11,500116,IDBI BANK LTD.,A,STK,103.01,107.5,102.95,106.92,106.92,102.95,7372,1614445,170122762,,2026-02-06
6022026,500163,151340,331275693,470914,1020293547,32.14,500163,GODFREY PHILLIPS INDIA LTD.,A,STK,1970.35,2240.2,1966.4,2188.95,2188.95,1982.05,24663,470914,1020293547,,2026-02-06
6022026,500164,842,836485,1699,1682719,49.56,500164,GODREJ INDUSTRIES LTD.,A,STK,991.15,998.3,983.3,993.45,989.9,998.7,260,1699,1682719,,2026-02-06
6022026,500180,103856,97744075,187135,176346728,55.5,500180,HDFC BANK LTD.,A,STK,944.9,947.6,937.75,941.15,941.2,949.5,5987,187135,176346728,,2026-02-06
6022026,500188,219648,133754650,575014,346090307,38.2,500188,HINDUSTAN ZINC LTD.,A,STK,596.75,610.7,594.1,608.95,608.95,610.75,9497,575014,346090307,,2026-02-06
6022026,500209,181073,272858904,368330,552823593,49.16,500209,INFOSYS LTD.,A,STK,1518.2,1523.35,1480.15,1506.9,1506.9,1519.8,13818,368330,552823593,,2026-02-06
6022026,500247,163538,69070275,348074,145492502,46.98,500247,KOTAK MAHINDRA BANK LTD.,A,STK,412.5,424.8,410.0,422.35,422.35,408.65,9543,348074,145492502,,2026-02-06
6022026,500257,57603,124903466,65051,141991201,88.55,500257,LUPIN LTD.,A,STK,2202.55,2210.0,2160.0,2168.35,2168.35,2217.4,2739,65051,141991201,,2026-02-06
6022026,500271,916341,1557871335,933203,1586473358,98.19,500271,Max Financial Services Limited,A,STK,1698.25,1713.1,1689.65,1700.1,1704.45,1698.5,1009,933203,1586473358,,2026-02-06
6022026,500290,1929,282588952,4470,645858214,43.15,500290,MRF LTD.,A,STK,134900.0,149000.0,133661.8,146495.05,146495.05,134933.55,3167,4470,645858214,,2026-02-06
6022026,500295,456800,306375760,1096467,722615268,41.66,500295,VEDANTA LIMITED,A,STK,645.8,673.4,640.2,670.7,670.7,655.3,20467,1096467,722615268,,2026-02-06
6022026,500300,28414,80589208,32173,91307648,88.32,500300,GRASIM INDUSTRIES LTD.,A,STK,2820.25,2877.4,2820.25,2836.25,2835.0,2866.35,3423,32173,91307648,,2026-02-06
6022026,500325,214192,310760464,348407,502877708,61.48,500325,RELIANCE INDUSTRIES LTD.,A,STK,1440.05,1452.8,1433.1,1450.85,1450.85,1443.4,10414,348407,502877708,,2026-02-06
6022026,500331,8154,12134376,13059,19383109,62.44,500331,PIDILITE INDUSTRIES LTD.,A,STK,1477.95,1493.0,1472.45,1488.15,1488.0,1469.0,1192,13059,19383109,,2026-02-06
6022026,500368,50392,26410448,84911,44143600,59.35,500368,Patanjali Foods Limited,A,STK,517.4,526.25,509.0,524.1,522.25,516.05,2113,84911,44143600,,2026-02-06
6022026,500411,1959,5623996,3192,9146051,61.37,500411,THERMAX LTD.,A,STK,2908.05,2908.05,2846.9,2870.85,2875.05,2904.75,914,3192,9146051,,2026-02-06
6022026,500420,18400,72489560,19324,76132300,95.22,500420,TORRENT PHARMACEUTICALS LTD.,A,STK,3979.65,3979.65,3916.05,3939.65,3931.65,3973.05,260,19324,76132300,,2026-02-06
6022026,500425,18701,9902180,35653,18783075,52.45,500425,AMBUJA CEMENTS LTD.,A,STK,530.0,531.45,523.85,529.5,529.5,533.05,1362,35653,18783075,,2026-02-06
6022026,500440,90460,85254027,168641,157753852,53.64,500440,HINDALCO INDUSTRIES LTD.,A,STK,927.65,943.85,922.25,942.45,942.45,934.9,9350,168641,157753852,,2026-02-06
6022026,500469,73533,21089265,140333,40218021,52.4,500469,FEDERAL BANK LTD.,A,STK,289.9,289.9,284.4,286.8,287.0,287.55,3693,140333,40218021,,2026-02-06
6022026,500477,223699,45164829,411496,82569127,54.36,500477,ASHOK LEYLAND LTD.,A,STK,201.5,203.0,199.35,201.9,201.9,201.65,4965,411496,82569127,,2026-02-06
6022026,500480,2722,11878400,8989,38642453,30.28,500480,CUMMINS INDIA LTD.,A,STK,4349.35,4382.0,4233.6,4363.85,4363.85,4391.0,3263,8989,38642453,,2026-02-06
6022026,500488,110,3011074,189,5133499,58.2,500488,ABBOTT INDIA LTD.,A,STK,26985.0,27430.0,26950.0,27373.4,27418.0,27235.2,135,189,5133499,,2026-02-06
6022026,500493,1344423,2092661621,1363803,2113999695,98.58,500493,BHARAT FORGE LTD.,A,STK,1573.2,1573.25,1542.0,1556.55,1550.1,1573.2,3080,1363803,2113999695,,2026-02-06
6022026,500495,4239,15937157,9364,35036709,45.27,500495,Escorts Kubota Limited,A,STK,3709.95,3780.7,3659.7,3759.65,3740.0,3714.65,1233,9364,35036709,,2026-02-06
6022026,500520,10967,39236088,25087,89244556,43.72,500520,MAHINDRA & MAHINDRA LTD.,A,STK,3578.0,3594.6,3531.5,3577.65,3580.0,3571.4,2773,25087,89244556,,2026-02-06
6022026,500530,138,5017832,272,9808629,50.74,500530,BOSCH LTD.,A,STK,36001.65,36453.2,35779.6,36361.1,36265.0,36269.0,184,272,9808629,,2026-02-06
6022026,500550,8002,25423955,39640,127695558,20.19,500550,SIEMENS LTD.,A,STK,3298.85,3324.0,3133.0,3177.2,3177.2,3299.45,10342,39640,127695558,,2026-02-06
6022026,500575,12267,17612959,19780,28225202,62.02,500575,VOLTAS LTD.,A,STK,1427.8,1438.95,1403.2,1435.8,1436.9,1428.65,1631,19780,28225202,,2026-02-06
6022026,500696,13339,32330402,27446,65609232,48.6,500696,HINDUSTAN UNILEVER LTD.,A,STK,2354.0,2429.35,2337.25,2423.75,2416.0,2354.0,2244,27446,65609232,,2026-02-06
6022026,500790,3129,4075054,7214,9336847,43.37,500790,NESTLE INDIA LTD.,A,STK,1294.7,1305.0,1280.0,1302.35,1301.4,1303.45,884,7214,9336847,,2026-02-06
6022026,500800,10759,12468068,15113,17427531,71.19,500800,TATA CONSUMER PRODUCTS LIMITED,A,STK,1154.3,1161.4,1147.25,1158.85,1158.85,1155.45,823,15113,17427531,,2026-02-06
6022026,500820,10902,26194236,21682,52050361,50.28,500820,ASIAN PAINTS LTD.,A,STK,2432.2,2440.05,2386.8,2402.7,2402.7,2432.1,3340,21682,52050361,,2026-02-06
6022026,500825,2338,13805540,3769,22119987,62.03,500825,BRITANNIA INDUSTRIES LTD.,A,STK,5881.95,5917.15,5812.55,5904.85,5899.15,5863.35,415,3769,22119987,,2026-02-06
6022026,500830,3217,6867974,7857,16626817,40.94,500830,COLGATE-PALMOLIVE (INDIA) LTD.,A,STK,2137.65,2139.4,2088.0,2134.9,2134.9,2113.7,882,7857,16626817,,2026-02-06
6022026,500875,6763013,2205080389,9728925,3146848482,69.51,500875,ITC LTD.,A,STK,310.25,327.8,308.3,326.05,326.05,310.25,50845,9728925,3146848482,,2026-02-06
6022026,502355,3912,10594283,9125,24343439,42.87,502355,BALKRISHNA INDUSTRIES LTD.,A,STK,2667.0,2747.95,2590.0,2708.15,2708.15,2685.55,1470,9125,24343439,,2026-02-06
6022026,503100,344878,597690818,348639,602956898,98.92,503100,THE PHOENIX MILLS LTD,A,STK,1707.25,1742.05,1705.85,1733.05,1740.0,1709.6,1005,348639,602956898,,2026-02-06
6022026,503806,341,989855,908,2622845,37.56,503806,SRF LTD.,A,STK,2905.05,2926.0,2863.6,2902.8,2898.2,2905.25,441,908,2622845,,2026-02-06
6022026,505200,808,5798410,1739,12454207,46.46,505200,EICHER MOTORS LTD.,A,STK,7230.0,7230.0,7113.0,7176.25,7144.0,7208.45,639,1739,12454207,,2026-02-06
6022026,505790,1143,4363003,1725,6534226,66.26,505790,Schaeffler India Limited,A,STK,3778.05,3850.0,3764.2,3817.15,3850.0,3815.15,316,1725,6534226,,2026-02-06
6022026,509480,12618,5961375,22798,10608703,55.35,509480,BERGER PAINTS INDIA LTD.,A,STK,467.65,473.9,458.45,472.45,472.45,472.35,1698,22798,10608703,,2026-02-06
6022026,509930,1974,7260866,4198,15438675,47.02,509930,SUPREME INDUSTRIES LTD.,A,STK,3645.6,3723.7,3645.0,3678.25,3672.85,3740.65,962,4198,15438675,,2026-02-06
6022026,511218,25816,25877959,67529,66867673,38.23,511218,Shriram Finance Limited,A,STK,986.35,1005.15,973.65,1002.4,1001.5,991.55,2074,67529,66867673,,2026-02-06
6022026,512070,19235,14254097,30511,22715429,63.04,512070,UPL LIMITED,A,STK,748.0,756.5,738.0,741.05,738.0,747.85,1241,30511,22715429,,2026-02-06
6022026,512599,14464,32204820,53938,119874200,26.82,512599,ADANI ENTERPRISES LTD.,A,STK,2234.9,2238.95,2201.7,2226.55,2226.55,2236.35,2590,53938,119874200,,2026-02-06
6022026,517569,3384,15097716,6098,27108642,55.49,517569,KEI INDUSTRIES LTD.,A,STK,4370.65,4483.7,4370.65,4461.5,4461.5,4444.15,1612,6098,27108642,,2026-02-06
6022026,522275,14433,51162821,32475,115418597,44.44,522275,GE Vernova T&D India Limited,A,STK,3501.35,3630.0,3454.7,3544.85,3544.85,3515.6,5229,32475,115418597,,2026-02-06
6022026,523395,9,315819,13,457341,69.23,523395,3M INDIA LTD.,A,STK,35072.5,35359.65,35065.0,35091.0,35070.0,35415.9,11,13,457341,,2026-02-06
6022026,523457,2570,15548500,4231,25653976,60.74,523457,Linde India Limited,A,STK,5970.0,6145.4,5929.35,6050.0,6094.5,5971.25,1083,4231,25653976,,2026-02-06
6022026,524000,21226,9156897,66188,27848815,32.07,524000,POONAWALLA FINCORP LIMITED,A,STK,409.4,441.0,403.0,431.4,431.4,409.05,1678,66188,27848815,,2026-02-06
6022026,524494,2872,4090446,6618,9378993,43.4,524494,IPCA LABORATORIES LTD.,A,STK,1444.35,1444.35,1405.0,1424.25,1411.25,1444.65,699,6618,9378993,,2026-02-06
6022026,532187,11842,10701616,26284,23701000,45.05,532187,INDUSIND BANK LTD.,A,STK,911.0,915.2,895.0,903.7,905.0,914.25,1368,26284,23701000,,2026-02-06
6022026,532215,42637,57199668,104821,140024483,40.68,532215,AXIS BANK LTD.,A,STK,1331.05,1346.4,1326.45,1341.55,1341.55,1330.65,4858,104821,140024483,,2026-02-06
6022026,532259,544,5155407,892,8500501,60.99,532259,APAR INDUSTRIES LTD.,A,STK,9532.75,9600.0,9433.2,9476.85,9450.0,9533.1,391,892,8500501,,2026-02-06
6022026,532281,156581,249519653,235364,374775441,66.53,532281,HCL TECHNOLOGIES LTD.,A,STK,1608.8,1608.8,1574.85,1593.55,1593.3,1608.8,11812,235364,374775441,,2026-02-06
6022026,532286,10762,12804090,23680,27959834,45.45,532286,JINDAL STEEL LIMITED,A,STK,1173.95,1191.8,1162.7,1189.75,1184.6,1177.45,1215,23680,27959834,,2026-02-06
6022026,532296,3393,6562911,7794,15044230,43.53,532296,GLENMARK PHARMACEUTICALS LTD.,A,STK,1972.45,1972.45,1911.6,1934.25,1929.4,1972.4,1123,7794,15044230,,2026-02-06
6022026,532321,16309,14479946,30335,26953525,53.76,532321,Zydus Lifesciences Limited,A,STK,905.2,905.2,884.0,887.85,885.0,905.1,5374,30335,26953525,,2026-02-06
6022026,532343,4010,15087826,8296,30875871,48.34,532343,TVS MOTOR COMPANY LTD.,A,STK,3680.75,3775.0,3668.0,3762.55,3762.55,3713.55,2003,8296,30875871,,2026-02-06
6022026,532388,279861,9747559,411370,14259090,68.03,532388,INDIAN OVERSEAS BANK,A,STK,34.83,34.95,34.41,34.83,34.9,34.83,1553,411370,14259090,,2026-02-06
6022026,532424,2246,2653425,7320,8572250,30.68,532424,GODREJ CONSUMER PRODUCTS LTD.,A,STK,1179.35,1182.8,1156.4,1181.4,1179.25,1169.1,797,7320,8572250,,2026-02-06
6022026,532461,192984,23698436,381170,46800949,50.63,532461,PUNJAB NATIONAL BANK,A,STK,124.15,124.35,121.25,122.8,122.8,124.05,5538,381170,46800949,,2026-02-06
6022026,532477,90047,16046376,204362,36113488,44.06,532477,UNION BANK OF INDIA,A,STK,177.9,178.6,174.55,178.2,178.2,177.85,1692,204362,36113488,,2026-02-06
6022026,532478,4402,6713050,8939,13587686,49.24,532478,UNITED BREWERIES LTD.,A,STK,1482.4,1545.0,1475.0,1525.0,1522.0,1482.3,899,8939,13587686,,2026-02-06
6022026,532483,189547,27891842,442698,64960076,42.82,532483,CANARA BANK,A,STK,148.45,149.1,144.85,147.15,147.15,148.2,3639,442698,64960076,,2026-02-06
6022026,532497,53532,146019237,58963,159821948,90.79,532497,RADICO KHAITAN LTD.,A,STK,2736.25,2756.1,2695.2,2727.7,2725.0,2767.25,1440,58963,159821948,,2026-02-06
6022026,532505,336605,9606707,530676,15109976,63.43,532505,UCO BANK,A,STK,28.57,28.67,28.29,28.54,28.54,28.59,1403,530676,15109976,,2026-02-06
6022026,532522,8679,2570286,19253,5691900,45.08,532522,PETRONET LNG LTD.,A,STK,299.7,299.7,294.2,296.15,296.3,298.6,565,19253,5691900,,2026-02-06
6022026,532523,12046,4399200,28125,10217856,42.83,532523,BIOCON LTD.,A,STK,369.7,369.7,361.3,365.2,365.2,367.7,942,28125,10217856,,2026-02-06
6022026,532525,538449,35268410,795865,51965213,67.66,532525,BANK OF MAHARASHTRA,A,STK,64.85,65.85,64.68,65.5,65.5,64.99,3270,795865,51965213,,2026-02-06
6022026,532538,2420,30795710,3972,50479824,60.93,532538,ULTRATECH CEMENT LTD.,A,STK,12774.05,12774.05,12625.0,12725.5,12740.0,12774.35,1374,3972,50479824,,2026-02-06
6022026,532539,16932,19581858,35646,41926846,47.5,532539,UNO Minda Limited,A,STK,1232.5,1232.5,1151.0,1156.5,1156.5,1230.35,2547,35646,41926846,,2026-02-06
6022026,532540,259026,761912028,388720,1139534003,66.64,532540,TATA CONSULTANCY SERVICES LTD.,A,STK,2992.0,2992.0,2915.15,2941.45,2941.45,2992.05,26462,388720,1139534003,,2026-02-06
6022026,532541,35587,55010385,81548,126088134,43.64,532541,COFORGE LIMITED,A,STK,1595.1,1600.1,1532.0,1545.8,1545.8,1600.15,7646,81548,126088134,,2026-02-06
6022026,532648,2533843,53996195,5217128,110686622,48.57,532648,YES BANK LTD.,A,STK,21.33,21.43,21.08,21.31,21.31,21.38,33120,5217128,110686622,,2026-02-06
6022026,532667,4349738,208961414,8833640,421301721,49.24,532667,SUZLON ENERGY LTD.,A,STK,47.86,48.19,47.26,48.04,48.04,47.86,33314,8833640,421301721,,2026-02-06
6022026,532754,184795,18008273,395290,38204108,46.75,532754,GMR Airports Limited,A,STK,97.17,97.67,95.89,97.45,97.44,97.36,2306,395290,38204108,,2026-02-06
6022026,532810,434546,182161684,686041,284482429,63.34,532810,POWER FINANCE CORPORATION LTD.,A,STK,412.9,420.1,406.0,419.2,419.2,415.0,10578,686041,284482429,,2026-02-06
6022026,532814,10551,9193614,21199,18462834,49.77,532814,INDIAN BANK,A,STK,879.0,882.45,862.0,871.35,871.45,879.1,1627,21199,18462834,,2026-02-06
6022026,532827,698,24791809,1456,51284158,47.94,532827,PAGE INDUSTRIES LTD.,A,STK,35641.0,35659.95,34203.8,35518.35,35500.0,35661.8,851,1456,51284158,,2026-02-06
6022026,532830,4453,6558156,18079,26919244,24.63,532830,ASTRAL LIMITED,A,STK,1494.95,1522.45,1462.0,1472.75,1472.2,1502.8,3345,18079,26919244,,2026-02-06
6022026,532843,498590,426768111,514633,438219070,96.88,532843,FORTIS HEALTHCARE LTD.,A,STK,850.25,858.4,844.55,855.95,855.0,857.3,1904,514633,438219070,,2026-02-06
6022026,532955,234323,87285318,513966,190637570,45.59,532955,REC LIMITED,A,STK,378.4,378.4,368.0,372.5,372.5,382.1,8097,513966,190637570,,2026-02-06
6022026,533519,61378,17498868,190498,53405061,32.22,533519,L&T Finance Limited,A,STK,281.25,286.0,275.45,285.1,285.1,283.45,5294,190498,53405061,,2026-02-06
6022026,534816,44674,19808452,151676,66706700,29.45,534816,INDUS TOWERS LIMITED,A,STK,440.35,447.5,432.65,443.4,443.4,442.7,4225,151676,66706700,,2026-02-06
6022026,539254,58291,59290691,126078,127864686,46.23,539254,Adani Energy Solutions Limited,A,STK,1011.0,1026.0,1001.5,1017.15,1012.0,1011.65,7710,126078,127864686,,2026-02-06
6022026,539437,281692,23966356,635102,53897327,44.35,539437,IDFC FIRST BANK LIMITED,A,STK,85.39,85.8,84.15,85.08,85.08,85.45,3959,635102,53897327,,2026-02-06
6022026,539448,12612,61946361,21869,107174328,57.67,539448,InterGlobe Aviation Limited,A,STK,4875.9,4930.65,4868.4,4911.7,4911.7,4933.95,4510,21869,107174328,,2026-02-06
6022026,539523,173,983454,346,1955970,50.0,539523,Alkem Laboratories Limited,A,STK,5652.0,5703.5,5570.0,5684.7,5663.5,5661.95,82,346,1955970,,2026-02-06
6022026,539551,7661,13138232,12711,21683780,60.27,539551,Narayana Hrudayalaya Limited,A,STK,1720.3,1723.35,1688.2,1714.95,1720.15,1732.15,1787,12711,21683780,,2026-02-06
6022026,540005,9221,51236487,14569,80845854,63.29,540005,LTIMindtree Limited,A,STK,5645.0,5645.0,5500.0,5556.5,5556.5,5685.1,3096,14569,80845854,,2026-02-06
6022026,540153,1609,3932477,3049,7420924,52.77,540153,Endurance Technologies Limited,A,STK,2450.0,2457.35,2410.0,2444.05,2428.3,2450.1,982,3049,7420924,,2026-02-06
6022026,540180,216348,94976772,380111,166453115,56.92,540180,Varun Beverages Limited,A,STK,437.1,444.9,432.3,439.0,439.0,437.1,9044,380111,166453115,,2026-02-06
6022026,540222,64598,61406859,93628,88905134,68.99,540222,Laurus Labs Limited,A,STK,968.9,968.9,939.8,950.6,950.6,964.85,2618,93628,88905134,,2026-02-06
6022026,540376,13086,50900615,23549,91627694,55.57,540376,Avenue Supermarts Limited,A,STK,3930.0,3950.35,3850.0,3889.7,3890.9,3937.75,4069,23549,91627694,,2026-02-06
6022026,540611,12563,12445536,22647,22335984,55.47,540611,AU Small Finance Bank Limited,A,STK,963.85,992.55,963.85,990.65,987.9,986.05,2051,22647,22335984,,2026-02-06
6022026,540678,15162,22591380,41365,61368793,36.65,540678,Cochin Shipyard Limited,A,STK,1482.8,1495.15,1472.1,1490.0,1495.0,1482.8,2333,41365,61368793,,2026-02-06
6022026,540691,64163,22303059,129509,44266865,49.54,540691,Aditya Birla Capital Ltd,A,STK,344.45,349.35,335.2,347.6,347.5,344.6,4114,129509,44266865,,2026-02-06
6022026,540762,814303,1883604985,831533,1912878483,97.93,540762,Tube Investments of India Ltd,A,STK,2380.1,2380.1,2270.2,2313.15,2313.15,2380.8,4934,831533,1912878483,,2026-02-06
6022026,541143,25971,32953304,73169,92090001,35.49,541143,Bharat Dynamics Limited,A,STK,1266.95,1277.3,1245.55,1268.85,1268.85,1272.7,3343,73169,92090001,,2026-02-06
6022026,541154,61952,252026932,131403,529655733,47.15,541154,Hindustan Aeronautics Limited,A,STK,4034.55,4072.95,3985.05,4068.1,4068.1,4034.85,12166,131403,529655733,,2026-02-06
6022026,541450,137527,133614357,259421,249870812,53.01,541450,Adani Green Energy Limited,A,STK,967.55,974.6,954.25,971.55,968.0,967.6,8778,259421,249870812,,2026-02-06
6022026,542066,10590,5754606,22685,12381170,46.68,542066,ADANI TOTAL GAS LIMITED,A,STK,549.45,551.45,540.45,543.4,543.4,545.35,702,22685,12381170,,2026-02-06
6022026,542216,432,915236,1072,2275893,40.3,542216,DALMIA BHARAT LIMITED,A,STK,2152.8,2155.0,2100.0,2118.6,2113.55,2152.75,277,1072,2275893,,2026-02-06
6022026,542649,272315,85547758,624552,195410494,43.6,542649,Rail Vikas Nigam Limited,A,STK,316.05,316.2,310.5,314.15,314.15,316.7,10371,624552,195410494,,2026-02-06
6022026,542652,8822,67309214,12062,91662794,73.14,542652,Polycab India Limited,A,STK,7500.6,7640.0,7500.6,7629.7,7594.5,7537.7,2745,12062,91662794,,2026-02-06
6022026,542772,52414,58478300,55374,61330718,94.65,542772,360 ONE WAM LIMITED,A,STK,1131.05,1134.7,1102.1,1115.7,1119.0,1140.65,661,55374,61330718,,2026-02-06
6022026,543187,11987,262969608,34755,750982598,34.49,543187,HITACHI ENERGY INDIA LIMITED,A,STK,20800.1,22073.15,20608.1,21937.9,21937.9,19194.1,7861,34755,750982598,,2026-02-06
6022026,543278,140858,53497869,387105,144410400,36.39,543278,Kalyan Jewellers India Limited,A,STK,378.05,381.85,364.6,379.8,379.8,376.2,7739,387105,144410400,,2026-02-06
6022026,543287,34006,35861028,51417,53571180,66.14,543287,Lodha Developers Limited,A,STK,1047.1,1062.7,1027.8,1054.55,1051.8,1049.9,2026,51417,53571180,,2026-02-06
6022026,543320,322943,91538194,623774,177149460,51.77,543320,Eternal Limited,A,STK,286.25,288.8,281.7,283.45,283.45,286.9,9964,623774,177149460,,2026-02-06
6022026,543390,742413,1115958101,843044,1268544594,88.06,543390,PB Fintech Limited,A,STK,1507.15,1540.9,1462.35,1503.15,1503.15,1552.2,7954,843044,1268544594,,2026-02-06
6022026,543396,50814,60316218,110433,131079667,46.01,543396,One 97 Communications Limited,A,STK,1205.85,1211.9,1170.45,1187.0,1187.0,1212.65,6552,110433,131079667,,2026-02-06
6022026,543654,4659,5321510,7774,8796055,59.93,543654,Global Health Limited,A,STK,1107.1,1149.4,1107.1,1142.2,1138.0,1107.1,685,7774,8796055,,2026-02-06
6022026,543904,11284,23239963,18385,37719703,61.38,543904,Mankind Pharma Limited,A,STK,2077.8,2077.85,2029.35,2059.55,2055.0,2082.55,3314,18385,37719703,,2026-02-06
6022026,543940,496350,133046618,884368,237173598,56.12,543940,Jio Financial Services Limited,A,STK,269.95,270.35,266.5,268.05,268.05,269.95,10579,884368,237173598,,2026-02-06
6022026,543994,23119,6005161,35976,9338115,64.26,543994,JSW Infrastructure Limited,A,STK,263.1,263.1,258.0,259.75,259.75,263.0,723,35976,9338115,,2026-02-06
6022026,544162,14485,24651298,28087,47779526,51.57,544162,Bharti Hexacom Limited,A,STK,1630.0,1728.95,1628.0,1701.85,1695.1,1627.75,2512,28087,47779526,,2026-02-06
6022026,544238,32438,25784967,73707,58368088,44.01,544238,Premier Energies Limited,A,STK,784.35,799.1,781.45,794.9,794.9,788.8,3297,73707,58368088,,2026-02-06
6022026,544252,117875,10760809,246692,22343529,47.78,544252,Bajaj Housing Finance Limited,A,STK,91.06,91.44,89.94,91.29,91.29,91.15,2377,246692,22343529,,2026-02-06
6022026,544274,6232,13617232,12652,27475742,49.26,544274,HYUNDAI MOTOR INDIA LIMITED,A,STK,2170.35,2190.0,2150.0,2185.05,2189.0,2163.5,1238,12652,27475742,,2026-02-06
6022026,544277,31548,97398141,68220,209667677,46.24,544277,Waaree Energies Limited,A,STK,3062.2,3111.0,3043.1,3087.3,3087.3,3071.7,8574,68220,209667677,,2026-02-06
6022026,544285,90774,29029526,221706,70510281,40.94,544285,SWIGGY LIMITED,A,STK,321.0,322.1,314.0,319.8,319.8,321.45,3946,221706,70510281,,2026-02-06
6022026,544289,85509,7442704,168504,14503871,50.75,544289,NTPC GREEN ENERGY LIMITED,A,STK,86.37,87.38,85.2,87.04,87.04,86.37,2124,168504,14503871,,2026-02-06
6022026,544307,112522,13744563,275576,33448109,40.83,544307,Vishal Mega Mart Limited,A,STK,122.0,122.6,120.65,122.15,122.25,123.05,2170,275576,33448109,,2026-02-06
6022026,544325,51948,9412978,92938,16785775,55.9,544325,ITC Hotels Limited,A,STK,182.35,182.35,179.35,181.2,181.2,182.95,2142,92938,16785775,,2026-02-06
6022026,544362,29053,17831279,92090,55215642,31.55,544362,Hexaware Technologies Limited,A,STK,622.95,623.0,572.25,613.75,613.75,640.25,4923,92090,55215642,,2026-02-06
6022026,544390,22545,61775555,70451,190580749,32.0,544390,Siemens Energy India Limited,B,STK,2585.45,2750.0,2585.45,2740.1,2739.75,2596.2,5364,70451,190580749,,2026-02-06
6022026,544429,14279,10325145,34508,24782031,41.38,544429,HDB FINANCIAL SERVICES LIMITED,B,STK,700.65,726.95,700.65,723.1,723.1,700.3,2109,34508,24782031,,2026-02-06
6022026,544449,22631,14784833,38357,24642886,59.0,544449,Anthem Biosciences Limited,B,STK,621.75,656.55,621.6,653.3,653.3,635.6,1750,38357,24642886,,2026-02-06
6022026,544569,215795,98877269,634228,287648219,34.02,544569,Tata Motors Limited,B,STK,456.0,461.5,447.6,458.2,458.2,455.85,11794,634228,287648219,,2026-02-06
6022026,544574,81688,28243626,127922,44027051,63.86,544574,Tata Capital Limited,A,STK,342.65,347.6,340.65,345.75,345.75,346.15,7045,127922,44027051,,2026-02-06
6022026,544576,11808,17732074,19655,29553599,60.08,544576,LG Electronics India Limited,B,STK,1511.55,1513.05,1495.0,1501.7,1501.7,1517.6,1825,19655,29553599,,2026-02-06
6022026,544597,1266,2137072,2984,5039558,42.43,544597,Piramal Finance Limited,B,STK,1651.65,1701.75,1651.65,1688.05,1688.4,1689.3,322,2984,5039558,,2026-02-06
6022026,544600,44012,20104682,86345,39005723,50.97,544600,Lenskart Solutions Limited,B,STK,447.0,459.0,444.2,456.8,456.8,447.05,5383,86345,39005723,,2026-02-06
6022026,544609,406092,47187891,785685,93021098,51.69,544609,Physicswallah Limited,B,STK,124.85,124.85,114.4,116.2,116.2,121.7,7660,785685,93021098,,2026-02-06
6022026,544632,333853,51513518,652221,101974997,51.19,544632,Meesho Limited,B,STK,151.4,158.6,151.4,154.3,154.3,151.4,5855,652221,101974997,,2026-02-06
6022026,590071,834,4538879,1316,7127124,63.37,590071,SUNDARAM FINANCE LTD.,B,STK,5316.0,5450.0,5302.85,5442.3,5450.0,5315.45,244,1316,7127124,,2026-02-06
